AuthorID,Author,Date,Content,Attachments,Reactions
"1025291090481381456","egono","2023-07-17T10:33:28.2670000+00:00","@here cuz yes, if you has donors creates a tickets in #🎫・ticket","",""
"1025291090481381456","egono","2023-07-17T10:35:13.6900000+00:00","If you boost this discord server, u get donor rank and access to Mc Chat, image perms in general.","",""
"1025291090481381456","egono","2023-07-18T13:49:23.7550000+00:00","ok so","","💀 (15)"
"1025291090481381456","egono","2023-07-18T13:49:32.5070000+00:00","7/25/2022 50xcreative birth date 101","","💀 (17)"
"1025291090481381456","egono","2023-07-18T13:49:36.2760000+00:00","and","","💀 (15)"
"1025291090481381456","egono","2023-07-18T13:50:15.2510000+00:00","since i have a camp","","💀 (15)"
"1025291090481381456","egono","2023-07-18T13:50:17.4070000+00:00","summer camp","","💀 (14)"
"1025291090481381456","egono","2023-07-18T13:50:19.6980000+00:00","i cant rly attend","","💀 (14)"
"1025291090481381456","egono","2023-07-18T13:50:26.0120000+00:00","so i will host tommorow","","💀 (14)"
"1025291090481381456","egono","2023-07-18T13:50:29.7550000+00:00","there will be events","","💀 (14)"
"1025291090481381456","egono","2023-07-18T13:50:32.2400000+00:00","giveaways","","💀 (14)"
"1025291090481381456","egono","2023-07-18T13:50:33.7720000+00:00","and","","💀 (14)"
"1025291090481381456","egono","2023-07-18T13:50:35.2480000+00:00","idk","","💀 (14)"
"1025291090481381456","egono","2023-07-18T13:50:38.0730000+00:00","i will figure out","","💀 (14)"
"1025291090481381456","egono","2023-07-18T13:50:53.2020000+00:00","(giveaways will include worldedit nbt etc)","","💀 (15)"
"1025291090481381456","egono","2023-07-18T13:51:24.6380000+00:00","and 50% off all purchases in /buy","","💀 (17)"
"1025291090481381456","egono","2023-07-18T13:51:28.8060000+00:00","i mewant /shop","","💀 (21),Dynamoji15 (11),🤓 (6),🦆 (4)"
"1025291090481381456","egono","2023-07-19T16:44:51.4220000+00:00","@everyone  I RECOMMEND TO JOIN THE SERVER! IM HOSTING BIG, REWARDING EVENTS! (WORLDEDIT, NBT ETC.) JOIN NOW (STARTING IN 15 MINUTES)","","❤️ (10),🗿 (7),🤓 (9),🗣️ (4),🦆 (2)"
"1025291090481381456","egono","2023-07-19T18:19:56.4950000+00:00","@everyone  JOIN BACK HOSTING 2 MORE EVENTS2#@!#@% &#h%$ebytdfsvyetrdgb","","🇫 (1),🇴 (1),🇷 (1),🇹 (1),🇳 (1),🇮 (1),🇪 (1)"
"1025291090481381456","egono","2023-07-30T17:34:54.5870000+00:00","@everyone 

Server (ALL) is going into maintenance.


Why?

if you have been living under a rock, the server has tps issues, lag spikes and crashes skyrocketing.



Until further notice, no maintenance going off.","","👍 (22),🤓 (17),😍 (13),😭 (16),🤷‍♂️ (11),💩 (11),😎 (7),🐧 (7),🍟 (7),🦽 (7),✅ (7),🤡 (8),🥰 (8),🇸 (7),🇮🇪 (7),🅱️ (7),🌎 (6),🥳 (8),🟢 (8),🫄 (10)"
"1025291090481381456","egono","2023-07-30T17:35:05.0010000+00:00","Time:

Unknown.","","💀 (13),🌋 (9),🇮🇪 (9),✅ (7),🇦 (6),🤓 (8),🇵 (6),🤷🏼‍♂️ (6),🅿️ (5),🫄🏼 (6),🇱 (5),🌎 (7),🇾 (4),🫄 (7),🥰 (4),💩 (6),🦆 (5),🐧 (4),🇼 (5),🤡 (6)"
"1025291090481381456","egono","2023-08-01T08:58:23.0480000+00:00","☠️:ban:","","🤓 (2),🇾 (1),🇴 (1),🇺 (1),❓ (1)"
"1025291090481381456","egono","2023-08-04T13:20:18.4680000+00:00","Ok guys I legit forgot 💀

So it's been a year, a long year. Fun also. And all I wanted to say yall a big thank you. Thank you for being here. New ones or old ones I don't care. Just s big thank you for everyone. 

Since I can't really say a thank you with words theese days. Here are giveaways.","","🪢 (1),🗡️ (2)"
"1025291090481381456","egono","2023-08-04T13:20:28.6710000+00:00","@here","",""
"1025291090481381456","egono","2023-08-04T13:20:35.4220000+00:00","❤️","","🔞 (6),🥵 (8),🦆 (5),❤️ (6),ghosted (5),👍 (6),🇮🇩 (4),🤠 (4),🌈 (4)"
"155149108183695360","Dyno#3861","2023-08-04T13:21:07.5960000+00:00","The giveaway was started in #📢・announcements.","","ghosted (3),👍 (2),✅ (1)"
"155149108183695360","Dyno#3861","2023-08-04T13:21:27.4120000+00:00","The giveaway was started in #📢・announcements.","","🤑 (3)"
"155149108183695360","Dyno#3861","2023-08-04T13:22:11.8810000+00:00","The giveaway was started in #📢・announcements.","","🤑 (1)"
"155149108183695360","Dyno#3861","2023-08-04T13:22:27.9470000+00:00","The giveaway was started in #📢・announcements.","","💀 (1)"
"155149108183695360","Dyno#3861","2023-08-04T13:23:10.2620000+00:00","The giveaway was started in #📢・announcements.","",""
"1025291090481381456","egono","2023-08-04T13:23:12.8090000+00:00","😱","","💀 (2)"
"155149108183695360","Dyno#3861","2023-08-04T13:23:14.8400000+00:00","","",""
"155149108183695360","Dyno#3861","2023-08-04T13:23:18.7410000+00:00","","",""
"155149108183695360","Dyno#3861","2023-08-04T13:23:22.6480000+00:00","","",""
"155149108183695360","Dyno#3861","2023-08-04T13:23:25.3390000+00:00","","","😱 (4)"
"1025291090481381456","egono","2023-08-04T13:24:40.0060000+00:00","🤑🤑🤑🤑🤑🤑","","dead (7),😡 (2),nerd (2),😈 (6),🤑 (1)"
"655370438695714816","codingmaster","2023-08-04T13:26:50.2050000+00:00","(if u abuse any of them, we wont hesitate it to remove your access and punish you accordingly)","","✅ (11)"
"1025291090481381456","egono","2023-08-04T13:45:24.3610000+00:00","😔","","🍆 (8)"
"1025291090481381456","egono","2023-08-05T08:44:40.2270000+00:00","@everyone","","💀 (22),🗿 (13),🤓 (12),🐱 (2)"
"1025291090481381456","egono","2023-08-05T08:44:43.4360000+00:00","So ppl don't miss it","","🗿 (15),🦆 (5)"
"1025291090481381456","egono","2023-08-05T08:45:53.9910000+00:00",":nerd: :Dynamoji15:","",""
"655370438695714816","codingmaster","2023-08-05T11:42:29.1140000+00:00","i'll be away for 2 weeks, dont expect coding from me","","😭 (9),👎 (4),🇧 (5),🇦 (5),🇩 (5),🍆 (2)"
"1025291090481381456","egono","2023-08-07T07:36:20.4330000+00:00","bro what","",""
"1025291090481381456","egono","2023-08-07T07:36:25.5810000+00:00","the giveaways broke","",""
"155149108183695360","Dyno#3861","2023-08-07T07:42:45.6250000+00:00","Congrats @LipLopT2k, @mindflay3r/Yugu, you won worldedi!","",""
"155149108183695360","Dyno#3861","2023-08-07T07:43:01.9540000+00:00","Congrats @oDqck_, @brickcrack, you won 1000 money!","",""
"155149108183695360","Dyno#3861","2023-08-07T07:43:09.5800000+00:00","Congrats @mindflay3r/Yugu, @♛, you won nbt!","",""
"1025291090481381456","egono","2023-08-07T07:43:44.4520000+00:00","dm me the word ""Sussy"" to claim 2 days time","",""
"155149108183695360","Dyno#3861","2023-08-07T07:44:30.5130000+00:00","Congrats @Cat, you won nbt!","",""
"1025291090481381456","egono","2023-08-07T07:44:34.9150000+00:00","(hes staff he has nbt)","",""
"1025291090481381456","egono","2023-08-07T07:44:45.1370000+00:00","dm me the word ""Sussy"" to claim 2 days time","",""
"1025291090481381456","egono","2023-08-09T19:36:10.4020000+00:00","@brickcrack , @mindflay3r/Yugu , @LipLopT2k","",""
"1025291090481381456","egono","2023-08-09T19:36:11.6420000+00:00","claimed","","👍 (4)"
"155149108183695360","Dyno#3861","2023-08-09T19:36:39.9350000+00:00","Congrats @ZAC09158, you won worldedi!","",""
"155149108183695360","Dyno#3861","2023-08-09T19:37:07.7860000+00:00","Congrats @Coding Master, @Mellow Melodi, you won nbt!","",""
"155149108183695360","Dyno#3861","2023-08-09T19:37:38.3510000+00:00","Congrats @mAJe, you won nbt!","",""
"155149108183695360","Dyno#3861","2023-08-09T19:38:34.0320000+00:00","Congrats @mynameisbob1928, you won 1000 money!","",""
"1025291090481381456","egono","2023-08-09T19:39:13.9830000+00:00","Dm me the word ""yes"" 2 days time to claim (name : giveaway won)","",""
"1025291090481381456","egono","2023-08-09T19:39:18.8640000+00:00","So like","",""
"1025291090481381456","egono","2023-08-09T19:39:26.3460000+00:00","Yes, Egono 1000 Money","",""
"1025291090481381456","egono","2023-08-09T19:41:18.7690000+00:00","@here (donators (perma) to claim the role donor in discord, message me on discord with proof of purchase or won giveaway.

Example.


tbx-xxxxxxxxxx-xxxxxxxxx

(nickname)","","👍 (4),🆗 (9)"
"1025291090481381456","egono","2023-08-09T19:44:49.1890000+00:00","claimed","",""
"155149108183695360","Dyno#3861","2023-08-09T19:53:13.7170000+00:00","Congrats @Deleted User, @w_cdma, @SukkerFader, @not real, you won donor rank!","",""
"1025291090481381456","egono","2023-08-09T19:53:47.9300000+00:00","Dm me the word ""yes"" 2 days time to claim (name : giveaway won)
So like
Yes, Egono 1000 Money","",""
"155149108183695360","Dyno#3861","2023-08-09T19:59:39.9830000+00:00","Congrats @Cat, you won donor rank!","",""
"1025291090481381456","egono","2023-08-11T20:48:08.2980000+00:00","@here

||Not|| Sorry for the ping,

I am excited to announce that I have released a less powered staff rank.

What is it?

It is! ||Helper||!

What does it do?

You can ban people for 24h Max and more!, when staff are not online!

How hard is it to get it?

Not that hard!

so apply! https://forms.gle/maPk4nmaMkJQZdpJ8","","🇼 (10),💀 (8),🤑 (6)"
"655370438695714816","codingmaster","2023-08-11T20:51:11.6530000+00:00","(if u abuse ur helper rank intentionally, I will personally ban you for 2 weeks and **blacklist you from ANY staff position)","","✅ (10),👌 (8),🫢 (6),🆎 (5),🇺 (5),🇸 (3),🇪 (5),🇲 (5),🤕 (5),🥵 (6),ghosted (3),🤓 (6)"
"1025291090481381456","egono","2023-08-12T07:46:50.4040000+00:00","ok guys 3 pepel got helper

@Sleepy 
@jukerx 
and
@FyreLabs","","🥳 (4)"
"1025291090481381456","egono","2023-08-12T07:47:00.9840000+00:00","now we have 4oor","",""
"1025291090481381456","egono","2023-08-16T13:40:23.0270000+00:00","What the fuck is this shit bruh","https://cdn.discordapp.com/attachments/1129342020448682015/1141365844895600742/Screenshot_20230816_163946_Google.jpg?ex=69ffe206&is=69fe9086&hm=7bac42bc1765892db857049ccb6f660fe1ed18f1f99ec15c83a73d753076d26b&","🤓 (10),👍 (7)"
"1025291090481381456","egono","2023-08-16T13:40:52.9150000+00:00","Me soon -> 💀","","👍 (6),🫃 (8),🇩🇰 (6),😣 (6)"
"1025291090481381456","egono","2023-08-19T18:24:22.8940000+00:00","If anyone is wonder why tf the server is broken, 1.20 update brought us alot of errors and type beat.

Also if you think I don't care abt the server, first look at other people's servers (big ones) example donutgaysmp the owner doesn't even know how to code, the only cares about the money.","","😂 (9)"
"1025291090481381456","egono","2023-08-19T18:24:42.2950000+00:00","Plus","",""
"1025291090481381456","egono","2023-08-19T18:29:08.8500000+00:00","Also if you think that the server is getting deleted get some brain please 🙏","","🤓 (9),🧠 (11)"
"1025291090481381456","egono","2023-08-22T10:18:56.9720000+00:00","99.9% of people quit gambling before they win big😱","","💯 (14),✅ (2),🇹 (12),🇷 (12),🇺 (11),🇪 (11),🇨 (6),⏸️ (6),🇲 (5),steve (5)"
"1137603121183469659","moonslicedd","2023-08-23T20:31:39.6540000+00:00","a little spoiler of the new spawn 👀","https://cdn.discordapp.com/attachments/1129342020448682015/1144006059934097511/2023-08-23_22.30.34.png?ex=6a00426b&is=69fef0eb&hm=5f43317bdc7002465542adbd409226bbe12ea6d9ab2b0ecca12f6c9e64ea217f&","pumpkin (4),🇮 (3),🇭 (3)"
"1137603121183469659","moonslicedd","2023-08-23T20:34:04.2560000+00:00","@everyone (sorry for ping ❤️ )","","🥵 (17),🖕 (15),🤓 (10),pumpkin (8),🦢 (9),🫄 (8),🦆 (9),🧑🏼‍⚖️ (7),🤡 (11),🤯 (7),🤷‍♂️ (8),🍆 (7),😐 (6),☠️ (6),🧀 (5)"
"716806465821736970","pug.z","2023-08-23T20:35:22.7460000+00:00","helloween","","🤓 (14)"
"797851554316025876","_sakuratea_","2023-08-23T20:41:39.8760000+00:00","You guys ain't ready for what has to come ;)","https://cdn.discordapp.com/attachments/1129342020448682015/1144008578756268133/image.png?ex=6a0044c3&is=69fef343&hm=1f78ea2d81028814c83908dafe574e85755d1611c82de918afae873408340537&","🥶 (10),‼️ (6),🤓 (9),pumpkin (5),🍆 (6),🫄 (6),☠️ (5),ghosted (4),🦆 (4)"
"1137603121183469659","moonslicedd","2023-08-24T22:34:05.2070000+00:00","||@PING | Notice ||
Getting kinda spooky 👀","https://cdn.discordapp.com/attachments/1129342020448682015/1144399258305437726/2023-08-25_00.32.42.png?ex=69ffb65d&is=69fe64dd&hm=ccfbd8b89a6d08472f56b89030a84a3ab1c09b0e3cf82676c069066054bd095e&","pumpkin (4),👻 (11),__ (6),🇩 (6),🇯 (5),🇪 (5),🇸 (5),🇿 (5),📧 (5),🦆 (5)"
"1025291090481381456","egono","2023-08-25T06:01:23.3330000+00:00","Bro who tf cares now its like 2 months to halloween 💀","","😂 (8),🤓 (7)"
"716806465821736970","pug.z","2023-08-25T19:08:07.0630000+00:00",":pumpkin:","","pumpkin (11),😲 (5)"
"796545729309048873","thiscatisd","2023-08-25T23:43:24.5420000+00:00","@PING | Notice  sneaky: return of the peeky :pumpkin:","https://cdn.discordapp.com/attachments/1129342020448682015/1144779091896180796/image.png?ex=69ffc69c&is=69fe751c&hm=1541678e66ef8b7f8e2f6d888ba151d48339b9d85ade941fafb5ba0eb4a7bc8d&","pumpkin (4),🤓 (4),🥶 (3)"
"1137603121183469659","moonslicedd","2023-08-26T00:18:44.3990000+00:00","||@everyone||
Happy bday to me ❤️
ty for whoever wishes me happy bday
Love yall 😘","","🎂 (55),🎉 (29),🥳 (27),🐻 (18),🖕 (6),FeelsWeirdMan (6),❤️ (7),🆒 (7),🥰 (6),🥦 (4),🦆 (3)"
"1025291090481381456","egono","2023-08-26T09:17:58.5660000+00:00","","https://cdn.discordapp.com/attachments/1129342020448682015/1144923683249455124/Happy_Birthday_Song_DRILL_REMIX.mp3?ex=6a004d45&is=69fefbc5&hm=23b3f37a3e7ab571b5d4f8721870965453dff22357bf6a22ab06fec7325537ce&","🔥 (5),🥦 (3)"
"953888793654624266","devilishrak","2023-08-26T10:43:12.4690000+00:00","@PING | Notice 
---
Teases of the mushroom spawn 😈","https://cdn.discordapp.com/attachments/1129342020448682015/1144945135617056809/2023-08-25_23.13.31.png?ex=69ffb880&is=69fe6700&hm=5de1cf1ed4f0fb3e780901c11814d151db601108884cded6683af1a22c466bc3&","🍄 (8),🥹 (4),ghosted (4)"
"1025291090481381456","egono","2023-08-26T10:56:55.0040000+00:00","@STAFF  

stop sending spawns we dont care","","✅ (2),🗿 (10),🇾 (8),🇪 (8),🇸 (8),🦆 (5),💯 (5),🫵 (4),👎 (3)"
"1025291090481381456","egono","2023-08-26T18:02:03.7530000+00:00","Barbie movie lame asf","",""
"1025291090481381456","egono","2023-08-26T18:02:08.1450000+00:00","🗿","","🗿 (4),💀 (4)"
"810206685494378526","dann.exe","2023-08-27T11:35:43.4210000+00:00","","https://cdn.discordapp.com/attachments/1129342020448682015/1145320740074295367/image.png?ex=69ffc4cf&is=69fe734f&hm=5062215960faa960025fda6e4b83c7df632d7b32b339bc4a24f4e15d0c7b3848&","🤓 (10),🗿 (2)"
"1025291090481381456","egono","2023-08-28T09:00:25.6070000+00:00","@PING | Notice  anyone wondering, boats and minecarts are reenabled, armor stands soon","",""
"1025291090481381456","egono","2023-08-28T09:00:32.5050000+00:00","right @Cat?","","🍆 (8),🤩 (10)"
"1025291090481381456","egono","2023-08-28T09:06:21.2440000+00:00","i aint reading allat","https://cdn.discordapp.com/attachments/1129342020448682015/1145645537471762472/image.png?ex=6a004a8d&is=69fef90d&hm=623597ca9a3db9952536582320051a4f2c05f95b1b694be1fd97e1544da3e065&","⚠️ (8)"
"1025291090481381456","egono","2023-08-28T22:37:28.8660000+00:00","server is broken beacuse of a person i wont be calling names

im not skilled enough to do this + im tired server is broken until tomorrow or idk","","😔 (4),🍆 (5),🗿 (5),🤓 (1),😭 (3)"
"1025291090481381456","egono","2023-08-28T22:38:25.1230000+00:00","@Coding Master @𝒂𝒔𝒉𝒍𝒚𝒏~","",""
"655370438695714816","codingmaster","2023-08-28T23:08:23.2100000+00:00","@deleted-role Server is fixed, maintence mode is **off**. Have fun!","","💦 (4),🍆 (6),👌 (6),🇵 (4),🇪 (4),🇳 (4),🇮 (4),🇸 (4),🫄 (6)"
"796545729309048873","thiscatisd","2023-08-28T23:59:38.2360000+00:00","happy birthday to me :D
im 15 somehow","","🛬 (11),🛫 (11),👌 (8),🎉 (13),🇴 (9),🇱 (9),🇩 (9)"
"1025291090481381456","egono","2023-08-31T09:39:40.7750000+00:00","guys","",""
"1025291090481381456","egono","2023-08-31T09:39:48.5880000+00:00","@Cat  bought server for 55 cent","","💀 (8)"
"1025291090481381456","egono","2023-08-31T09:41:22.4020000+00:00","@Cat  do you have anything to say","",""
"399742776683528206","mrshawn.","2023-08-31T09:41:37.1450000+00:00","sup everyone","",""
"399742776683528206","mrshawn.","2023-08-31T09:43:27.9560000+00:00","Im happy to be your new owner","","👋 (7),🤨 (8),🇷 (9),🇪 (9),🇦 (7),🇱 (9),❓ (6)"
"1025291090481381456","egono","2023-08-31T09:43:30.8000000+00:00","^^","","🇼 (4),🇭 (5),🇦 (4),🇹 (4),❓ (4)"
"399742776683528206","mrshawn.","2023-08-31T09:51:06.5170000+00:00","@Deleted User","",""
"810206685494378526","dann.exe","2023-08-31T14:43:23.5340000+00:00",":skull:","","skull (13)"
"655370438695714816","codingmaster","2023-09-01T20:13:56.4880000+00:00","@deleted-role I want to address something that happened today. I have recieved reports that alot of people have been harassing @cat  about a situation that happened today regarding arogus(which is now perm banned from the server). In short, arogus (or another random person he trusted) made a command block that apparently spawned a house when you placed it. But the command block also had a secret command inside of it which opped all players online. Arogus(which doesnt have op) couldnt place the command block and told ElleCool(has op) to place it.This is clearly arogus's fault and i dont want **ANY** hate towards ElleCool. If i see any harassement, me and the @STAFF wont hesitate to mute you for 2 days.
-Hercules_mc
Developer","","👍 (6),❤️ (12),🇭 (3),🇪 (3),🇱 (4),🇨 (3),🇵 (3),🇴 (3),0️⃣ (3),🇶 (3),🦇 (3),😭 (7),🇷 (3),📧 (6),🅰️ (3),ghosted (3),🤣 (4)"
"1025291090481381456","egono","2023-09-02T10:22:28.0160000+00:00","@Cat","","🐸 (6),👾 (7)"
"810206685494378526","dann.exe","2023-09-06T16:40:55.5110000+00:00","","https://cdn.discordapp.com/attachments/1129342020448682015/1149021424762224660/SPOILER_image.png?ex=6a000c57&is=69febad7&hm=565dad56f11f8332a7784c0a01e7d7a3bc2b666aa978dcc7d1ffbececc7bb595&","skull (9),🧌 (6),🦆 (5)"
"1025291090481381456","egono","2023-09-09T06:58:38.4950000+00:00","streaming breaking good s1 ep 2","",""
"1025291090481381456","egono","2023-09-09T06:58:43.4520000+00:00","might go away for a bit","","🤓 (6)"
"1025291090481381456","egono","2023-09-09T08:03:23.1030000+00:00","streaming ep 3 in like 1h","","❤️‍🔥 (5)"
"810206685494378526","dann.exe","2023-09-10T19:39:06.5090000+00:00","","https://cdn.discordapp.com/attachments/1129342020448682015/1150515817541271612/image.png?ex=6a00361a&is=69fee49a&hm=313778a20f1c0b60b62e2521d553a5cb099744df0ad6f07382df4ab367f167d6&",""
"810206685494378526","dann.exe","2023-09-10T21:14:47.9500000+00:00","","https://cdn.discordapp.com/attachments/1129342020448682015/1150539898789560320/image-2.png?ex=6a004c87&is=69fefb07&hm=308b3334668614d54ea9f1a80e4f878a8e0427e88a040eab4798e76efd1c891c&",""
"907920882167607357","itz_kudo","2023-09-10T21:31:43.4400000+00:00","imma be busy past 14:30","",""
"907920882167607357","itz_kudo","2023-09-10T21:31:44.6510000+00:00","sry guys","",""
"907920882167607357","itz_kudo","2023-09-10T21:31:45.9470000+00:00","","https://cdn.discordapp.com/attachments/1129342020448682015/1150544168574255154/image.png?ex=6a005081&is=69feff01&hm=f5c2d8170425b13302ab319a1e924afcc93412f12d266544c315ef8227efc428&","🍆 (4),💦 (4),🍑 (4)"
"810206685494378526","dann.exe","2023-09-10T21:32:18.0730000+00:00","real, don't ping us after 14.30.","",""
"796545729309048873","thiscatisd","2023-09-12T00:27:10.6130000+00:00","ok guys stop doing 9/11 crap, what feels like 100 other people today have made twin towers 9/11 crap

**it is annoying**

plus, its barley 9/11 anymore","","✅ (11)"
"1025291090481381456","egono","2023-09-12T07:30:48.8730000+00:00","🙏🙏","","❌ (5)"
"1025291090481381456","egono","2023-09-15T15:34:52.5590000+00:00","ok guysa","","🇼 (5),🇭 (5),🇦 (5),🇹 (5),❓ (5)"
"1025291090481381456","egono","2023-09-15T15:36:21.5910000+00:00","staff wiinerssdeswaz

@Creb_ 
@Sleepy 
@Kundaliel 
@Nikkie'sMoon(Jax) 

very sigma skibdi ohio moments 2010 compilation

apply #deleted-channel 

@PING | Notice","","😱 (6),🇳 (6),🇴 (6),🇼 (6),🇦 (6),🇾 (6),💀 (6)"
"1025291090481381456","egono","2023-09-15T15:36:52.3550000+00:00","rizz","","🇼 (6),🇷 (6),🇮 (6),🇿 (7)"
"1025291090481381456","egono","2023-09-16T13:01:45.6030000+00:00","@PING | Notice 

Long time no giveaways, 

So I have a something.


Build a house. (Submit the houses in my dms, it must be build in 50x, /co I proof of building.)

If found using a tutorial I will ban you.

Prize: 1st worldedit 2nd donator rank 3rd 500 money.

Theme must be :

Goodluck","https://cdn.discordapp.com/attachments/1129342020448682015/1152590148614225990/ssstik.io_1694869272223.mp3?ex=69ffd8f9&is=69fe8779&hm=dc886a85a7d18eea53adffa0268f5b8e7fbe58ba5f0840b679c5034a2026fa15&","🦀 (8)"
"1025291090481381456","egono","2023-09-16T13:02:01.6130000+00:00","ogs remember 100%","","🤔 (4)"
"1025291090481381456","egono","2023-09-16T13:02:05.3190000+00:00","🗿","",""
"1025291090481381456","egono","2023-09-16T13:02:50.5430000+00:00","3 5 or 10","",""
"1025291090481381456","egono","2023-09-16T13:08:12.4250000+00:00","18/9/2023 12:00 PM","","😡 (3),🇼 (3),🇭 (3),🇪 (3),🇳 (3),⁉️ (3)"
"1025291090481381456","egono","2023-09-16T13:09:41.3520000+00:00","hint: ||search on tiktok ""haha u thought im gon give a  hind""|| (for the non ogs + noob)","",""
"1025291090481381456","egono","2023-09-16T19:31:24.0840000+00:00","@PING | Notice 

should i do a economic reset?

When: 12:01 GMT+3 time

1️⃣ or 2️⃣ 

1️⃣ yes, decrease prices for purchase

2️⃣ no, increase (by like 50% prices for purchase, make chatcolor also time limited, 15d)

your choice ( yes votes are x0.5 multiplied)","","1️⃣ (49),2️⃣ (6),joobiidk (9),💀 (9),3️⃣ (1),fourswag (1),🇹 (7),🇷 (7),🅰️ (7),🇸 (7),🇭 (7),🤏 (6),🍆 (7)"
"1025291090481381456","egono","2023-09-16T19:39:37.0890000+00:00","@everyone  ik but very important","","🗣️ (13),pumpkin (8),🇫 (8),🇪 (8),🇵 (8),🇷 (6),🇮 (7),🇨 (7),🇰 (6),🇲 (6),🤓 (7),huh (6),skull (6),Pro (8),😫 (9),😩 (7),😣 (7),🤤 (7),💀 (8),💦 (7)"
"796545729309048873","thiscatisd","2023-09-16T19:46:33.1020000+00:00","50x getting a good update :wubbox_shocked:  (real)","","🤓 (9),pumpkin (7),ghosted (7),🇷 (7),🇪 (7),🇦 (7),🇱 (7)"
"1025291090481381456","egono","2023-09-17T06:04:42.3110000+00:00","even if i did 0.11 multiplier it still would be bigger","","🇼 (6),🇷 (6),🇴 (6),🇬 (6)"
"1025291090481381456","egono","2023-09-17T06:04:48.2710000+00:00","looks like yes wins","",""
"1025291090481381456","egono","2023-09-17T09:02:01.5750000+00:00","eco reset time","","🆗 (7),👍 (7),🫶 (6),🥹 (5),🦆 (5)"
"1137603121183469659","moonslicedd","2023-09-17T17:05:10.7530000+00:00","@everyone mojang migration deadline is in 2 days, if not yet migrated your account will be deleted!

more information on how to migrate it:
https://help.minecraft.net/hc/en-us/articles/4403181904525-How-to-Migrate-Your-Mojang-Account-to-a-Microsoft-Account","","🇴 (7),🇰 (7),🅰️ (7),🇾 (7),❔ (9),🇩🇪 (6),❤️‍🔥 (5)"
"1025291090481381456","egono","2023-09-24T15:31:58.4180000+00:00","https://50xcreative.tebex.io/package/5918576


Free 10 coins!

(Why?)

The reason i made 10 free coins, its a free way to support the server (only if you follow these steps)

So after you purchase the 10 coins, you will see a small box with advertisement bellow TBX-CODE-OF-PURCHASE.

How does it look?

It is enough just to click Yes or claim then leave. Thanks.","https://cdn.discordapp.com/attachments/1129342020448682015/1155527054469636146/image.png?ex=69fffc2e&is=69feaaae&hm=ccf6afc937361b685580758f7eb3587254e760aa054e7797d3038481327054a2&","🤓 (14),ROBUX (3)"
"907920882167607357","itz_kudo","2023-09-24T23:38:15.1660000+00:00","I quit all because of a stupid mistake I made, bye.","","🫡 (11),🇭 (6),🇴 (6),🇵 (6),🇪 (6),❤️ (10),😔 (5),🇳 (3),⭕ (3),0️⃣ (3)"
"716806465821736970","pug.z","2023-09-25T00:58:24.4170000+00:00","Since many months ago, Diffenyy has been the most dedicated and funniest staff member in the community. I watched him grow and build up through the ranks; the joy he has brought to hundreds is undeniable. I hope to see him around, but for now he has decided to leave the community temporarily/permanently. He was not just a staff member; he was a friend.

Although a brit, he was loved. o7","","😣 (9),😭 (11),❤️ (4),0️⃣ (7),7️⃣ (7)"
"810206685494378526","dann.exe","2023-09-25T05:13:08.5740000+00:00","o7,  you will not be forgotten, friend.","",""
"712298805982396477","djesse","2023-09-25T07:21:29.6230000+00:00","o7, may god bless you in the future Diffenyy.","",""
"797851554316025876","_sakuratea_","2023-09-25T11:29:25.2700000+00:00","||@everyone|| 
---------------------------------------------------
Hello, have you missed out on the first memorial for diffenyy?
if not or yes but still want to attend the 2nd memorial please
click this emoji but if not please do not react with the emoji
=
INFORMATION: if map resetted do not quit it will be pasted back
When memorials time?: dont join instantly join after 3 hours as the memorial 
will be held after 3 hours so please dont rush the staffs that are particpating in this.
Blacklisted stuff = anyone trolling in the stage or trying to be funny will be kicked as
this is a serious memorial for diffenyy and is not to be joked around with, if still trying
you will be punished by staff or warned by staff

IMPORTANT INFORMATION! : if you are willing to attend please prepare your letters for diffenyy
and take 1 book from the barrel 1 by 1 if taking 2 you will be forced to return the other this letter will
be sent to diffenyy but not all of them as only actual ones will be sent most importantly is do not
stand around in the memorial sit in your places and if your chosen to say out loud your letter to diffenyy
and everything he has done, what you appreciate, love, miss, for everyone else in the crowd to hear
if its not your turn and you were skipping turns you will be put back to your seat by force if repeated
a punishment will occur.
=
---------------------------------------------------","","✅ (15),🕊️ (5),🇷 (5),🇮 (5),🅿️ (5),🪦 (3),🗿 (3),❤️ (1),🇦 (5),🇹 (5),🇸 (5),🇰 (5),0️⃣ (5),⭕ (5),🇱 (5),😭 (4)"
"792030294688399371","zombienoop","2023-09-25T11:34:39.0410000+00:00","I'm at school","","🇱 (10)"
"1137603121183469659","moonslicedd","2023-09-25T12:02:43.0350000+00:00","o7, hope your life goes long and fun! And idc abt the mistakes you made, i care abt the fun times we had over the time we were together. -Bear","","🫡 (2),😭 (5)"
"1025291090481381456","egono","2023-09-25T12:20:06.7570000+00:00","Bruh","",""
"1025291090481381456","egono","2023-09-25T12:20:08.9240000+00:00","Im in school","","🇼 (7),🇱 (13),🇴 (8),🇸 (9),🇪 (8),🇷 (8),😂 (3)"
"810206685494378526","dann.exe","2023-09-25T14:13:40.7020000+00:00","@everyone MEMORIAL STARTING NOW !!!!!!!!!!                                           Join in order to attend","","🇳 (9),🇴 (9),❤️ (16)"
"810206685494378526","dann.exe","2023-09-25T14:59:25.7930000+00:00","As some of you might've already heard, i'm quitting.
I really enjoyed playing on this server and i wont forget all the fun time i experienced here.

But as time went by, i didn't really have time to play minecraft and stuff cause of school.
The only person that made me join was Diffenyy. He's probably the nicest person i've ever met on the internet.
But now he's quitting too and i don't have a reason to play on the server.

That's it, goodbye.","","😭 (9),❤️ (11),🫡 (14),🇳 (2),🇴 (2)"
"796545729309048873","thiscatisd","2023-09-25T23:01:03.9790000+00:00","https://tenor.com/view/staff-furry-roleplay-gif-22618109","","❌ (9)"
"155149108183695360","Dyno#3861","2023-09-25T23:04:48.5960000+00:00","","","1️⃣ (23),2️⃣ (17),🐺 (4),🇵 (4),🇮 (4),🇿 (5),🅰️ (3),🦊 (3),🇹 (4),🇾 (4),🦆 (4)"
"1148685297295568947","ethy_69382_36992","2023-09-26T02:14:27.8470000+00:00","@here new emojis :viklin: :c_png:","","viklin (13),c_png (12),🐺 (9),🎉 (6)"
"1025291090481381456","egono","2023-09-26T04:38:15.8540000+00:00","@ethy___ I will legit demote you if you use here again","","🤓 (9),🙏 (5)"
"1148685297295568947","ethy_69382_36992","2023-09-26T23:02:01.8600000+00:00","😭","",""
"797851554316025876","_sakuratea_","2023-09-30T13:22:19.5410000+00:00","One last event.","https://cdn.discordapp.com/attachments/1129342020448682015/1157668754403102720/SPOILER_image.png?ex=69ffddcb&is=69fe8c4b&hm=762cd8069a51fecbdff0abd0fb69b24761952161f36118772c7b5bdd2fada35b&","🤓 (5),ghosted (2)"
"792030294688399371","zombienoop","2023-10-01T15:01:28.1220000+00:00","https://tenor.com/view/timer-days-hours-minutes-seconds-gif-17507005","",""
"1137603121183469659","moonslicedd","2023-10-01T15:02:04.7080000+00:00","damn","",""
"797851554316025876","_sakuratea_","2023-10-01T15:02:09.1030000+00:00","Well. . . There's still something for yalll.","","😱 (3)"
"797851554316025876","_sakuratea_","2023-10-01T15:02:18.7100000+00:00","i will join and give 2 of my most special items.","","😱 (3),💗 (3)"
"1137603121183469659","moonslicedd","2023-10-01T15:02:25.6250000+00:00","woah","",""
"797851554316025876","_sakuratea_","2023-10-01T15:02:43.6330000+00:00","The Death's Scythe and a surprise item","","👍 (2),⚠️ (2)"
"1025291090481381456","egono","2023-10-01T15:03:51.6630000+00:00","who tf said that i said betrayed","",""
"797851554316025876","_sakuratea_","2023-10-01T15:03:54.3950000+00:00","now devilish wants to announce.","",""
"1025291090481381456","egono","2023-10-01T15:04:06.6290000+00:00","atleast once","",""
"797851554316025876","_sakuratea_","2023-10-01T15:04:13.3400000+00:00","Well, when the first old staff left you said they betrayed you and they made buildersden","",""
"797851554316025876","_sakuratea_","2023-10-01T15:04:23.8600000+00:00","and i really don't want that quote happening again","",""
"1025291090481381456","egono","2023-10-01T15:04:25.5830000+00:00","no shit","",""
"1025291090481381456","egono","2023-10-01T15:04:27.9070000+00:00","they made bd","",""
"1025291090481381456","egono","2023-10-01T15:04:30.6650000+00:00","betrayal","",""
"1025291090481381456","egono","2023-10-01T15:04:47.4370000+00:00","copy paste","",""
"1025291090481381456","egono","2023-10-01T15:04:48.5390000+00:00","idea","",""
"1025291090481381456","egono","2023-10-01T15:04:49.8750000+00:00","stolen","",""
"1025291090481381456","egono","2023-10-01T15:04:51.3090000+00:00","no credits","",""
"797851554316025876","_sakuratea_","2023-10-01T15:05:01.5050000+00:00","how childish. you really didn't learn it. you should had more respect to the ones you once had.","",""
"1025291090481381456","egono","2023-10-01T15:05:24.7520000+00:00","yeah but how childish of them just stealing my idea","",""
"797851554316025876","_sakuratea_","2023-10-01T15:05:37.7230000+00:00","they wanted to recreate what you did without having the old you","",""
"797851554316025876","_sakuratea_","2023-10-01T15:05:42.8170000+00:00","the old you did mess but you changed","",""
"797851554316025876","_sakuratea_","2023-10-01T15:05:47.1610000+00:00","yet you still didn't learn it.","",""
"1025291090481381456","egono","2023-10-01T15:05:50.3860000+00:00","plus viklin and alot of more people dont care that i have changed","",""
"953888793654624266","devilishrak","2023-10-01T15:05:54.6970000+00:00","```Dear 50x staff members,

I hope you all understand why I'm quitting 50x. I have witnessed new issues, troubles, and a lot more, which has led me to make the
choice of resigning from 50x after I saw all of my friends also resigning. I hope you understand this letter that we have had our
fun and our stay at 50x

To the other friends of mine who are staying in 50x, have a good time and luck. I hope you have a good time, but it's sad to see that I'm leaving some of my friends. It was a fun time being able to join 50x and have this amazing time.

I think every ending has a good ending. This ending was a clear one. I hope that Egono enjoyed his time with his staff and his developers.
I appreciate the developers work, but it's all up to Egono now due to the new problems and issues that are heading towards 50x. I cannot stand
50x's tickets, fights it's too much to handle at this point. You get pinged at midnight due to timezone unrelated issues, but furthermore, to every
staff is i partner my way with my friends im sorry to leave but its all i could do :) <3

- DevilishRak | Thanks for the memories, July 17, 2023-September 26, 2023

any other information: Yes, most of the reasons why I quit are because I feel that the server is starting to lack updates and mostly good suggestions are being rejected, causing too many players to quit and fall from the hands of 50x. I hope that everyone understands that some players also want to play.
The server is also starting to die out. Devilish out```","","😢 (7),tehee (2),🙄 (3),💗 (3),🇾 (3),bryh (4),❤️ (5),🆗 (6),👎 (4),😗 (2),🦵 (3),🤪 (3),☠️ (2),💀 (2),👻 (2),👽 (2),blobnerd (2),BAN (2),ghosted (3),👋 (5)"
"1025291090481381456","egono","2023-10-01T15:08:40.6250000+00:00","yeah but still my point is that they stole, not even credits","",""
"797851554316025876","_sakuratea_","2023-10-01T15:10:45.3640000+00:00","oh also have this free meme for you all since im leaving lmao don't get offended","https://cdn.discordapp.com/attachments/1129342020448682015/1158058429622009967/fuck.mp4?ex=69fff735&is=69fea5b5&hm=8f3758d5a084e1b96cbc45a373da496ecdcadd1ed2e4f5a48d8333edc4be211b&","🫡 (4),bryh (3),👎 (2),🆗 (2),😱 (3),🗿 (3),😢 (3),🤝 (2),❤️ (2),tehee (2),BAN (2),🇳 (2),🇴 (2),👻 (2),☠️ (2),😭 (2),😄 (2),🤵 (3),🙀 (2),🤪 (3)"
"1025291090481381456","egono","2023-10-01T15:14:05.3060000+00:00","","https://cdn.discordapp.com/attachments/1129342020448682015/1158059268264710175/image.png?ex=69fff7fd&is=69fea67d&hm=a291b2cb87dc17f6db500a2f40a89c6c919f60e0ee88d7b920d5132fd3ac7080&",""
"1137603121183469659","moonslicedd","2023-10-01T15:14:13.1710000+00:00","NO","",""
"797851554316025876","_sakuratea_","2023-10-01T15:14:23.7930000+00:00","what is ubuntu","","☠️ (5)"
"1025291090481381456","egono","2023-10-01T15:14:31.2330000+00:00","server","",""
"797851554316025876","_sakuratea_","2023-10-01T15:14:40.1590000+00:00","MY LAST WORDS ARE-","https://cdn.discordapp.com/attachments/1129342020448682015/1158059414473937036/tripmine.mp4?ex=69fff820&is=69fea6a0&hm=06b549b9a8476b70d30b60f0abafe1446618601ea91f00ff5e04014cdc7d207c&",""
"1025291090481381456","egono","2023-10-01T15:14:43.3740000+00:00","idk how 50xcreative bot is still online","",""
"1137603121183469659","moonslicedd","2023-10-01T15:14:58.4760000+00:00","so","",""
"1137603121183469659","moonslicedd","2023-10-01T15:14:59.8590000+00:00","you mean","",""
"1137603121183469659","moonslicedd","2023-10-01T15:15:02.1330000+00:00","its the end?","",""
"1137603121183469659","moonslicedd","2023-10-01T15:15:02.8750000+00:00",".","",""
"797851554316025876","_sakuratea_","2023-10-01T15:15:29.7660000+00:00","","https://cdn.discordapp.com/attachments/1129342020448682015/1158059622494638150/sans_and_papyrus_vine_boom.mp4?ex=69fff851&is=69fea6d1&hm=746ffafd38ad2d406db89c5a5680c63b2cdf807d3540befab6f05ce7ee6be103&","🇹 (2),🇭 (2),🇮 (2),🇸 (2),🌌 (3)"
"1025291090481381456","egono","2023-10-01T15:15:45.6690000+00:00","you said last words","",""
"797851554316025876","_sakuratea_","2023-10-01T15:15:47.5960000+00:00","the server is temporarially down","",""
"797851554316025876","_sakuratea_","2023-10-01T15:15:58.9640000+00:00","well i got last last last last last words rights","",""
"797851554316025876","_sakuratea_","2023-10-01T15:16:12.3330000+00:00","from my last last last last last last edited no clickbait card","",""
"797851554316025876","_sakuratea_","2023-10-01T15:17:36.7030000+00:00","well cya, have a nice day nerds 💟","","💋 (6),❤️ (5),🫡 (8),🤓 (6)"
"797851554316025876","_sakuratea_","2023-10-01T15:31:29.9080000+00:00","@here  have crystaleu and arogus letters too","","❌ (10)"
"797851554316025876","_sakuratea_","2023-10-01T15:31:40.0940000+00:00","From Crystaleu:
Everything has been going downhill. Peace yall 🤞. Cya in 7 months, or never.","","🫡 (8),😭 (5),🇳 (4),🇴 (4),🇸 (4),🇪 (3),👃 (3),🐽 (3),🥸 (3)"
"797851554316025876","_sakuratea_","2023-10-01T15:32:22.7020000+00:00","From Arogus_:
I would like to say it was fun while it lasted. You will find me grinding in servers, and I will always be active on discord. Thanks for all the people that helped me get staff.  Adios

alg

Arogus_","","🫡 (9),🇳 (5),🇴 (6),🇰 (6),✌️ (4),🇸 (4),💀 (3),👃 (3),🇦 (2),🇱 (2),🇬 (2)"
"1025291090481381456","egono","2023-10-01T15:44:51.0910000+00:00","","https://cdn.discordapp.com/attachments/1129342020448682015/1158067009750306866/IMG_5420.png?ex=69ffff32&is=69feadb2&hm=7a1a13ccbd50cbe3d3e6b232007c944e7edf727d9f7f079af369e00388670c96&","🇨 (2),🇦 (2),🇵 (2),😩 (4),❤️ (2)"
"1025291090481381456","egono","2023-10-01T16:14:38.0940000+00:00","I wanna say something","","❤️ (5)"
"1025291090481381456","egono","2023-10-01T16:15:20.5460000+00:00","Any staff, players (old staff) who says working in a server is mentally draining - 🥺","","❤️ (6)"
"1025291090481381456","egono","2023-10-01T16:15:28.3240000+00:00","well fucking be the owner for 1 day","","❤️ (6)"
"1025291090481381456","egono","2023-10-01T16:15:35.0060000+00:00","you will see whats mentally draining","","❤️ (6)"
"1025291090481381456","egono","2023-10-01T16:15:40.6420000+00:00","constant messages from random people","","❤️ (6)"
"1025291090481381456","egono","2023-10-01T16:15:49.3940000+00:00","i wake up everyday just to see 4 new direct messages","","❤️ (6)"
"1025291090481381456","egono","2023-10-01T16:15:52.5080000+00:00","all about the sevrer","","❤️ (6)"
"1025291090481381456","egono","2023-10-01T16:15:59.7030000+00:00","when i dont join the server","","❤️ (6)"
"1025291090481381456","egono","2023-10-01T16:16:14.9210000+00:00","people start saying  i like how the owner is less active than staff","","😕 (7),❤️ (6)"
"1025291090481381456","egono","2023-10-01T16:16:40.9750000+00:00","no time to not think about 50x","","😕 (7),❤️ (6)"
"1025291090481381456","egono","2023-10-01T16:17:05.5240000+00:00","its always a feeling i have that i am obligated to be always on the server","","❤️ (6)"
"1025291090481381456","egono","2023-10-01T16:17:08.2700000+00:00","and when im on","","❤️ (6)"
"1025291090481381456","egono","2023-10-01T16:17:11.8760000+00:00","egono, tp to me","","❤️ (6)"
"1025291090481381456","egono","2023-10-01T16:17:20.9560000+00:00","egono this guy is (something)","","❤️ (6)"
"1025291090481381456","egono","2023-10-01T16:17:31.0320000+00:00","egono evil side > some stupid shit","","❤️ (6)"
"1025291090481381456","egono","2023-10-01T16:17:40.1910000+00:00","even the staff","","❤️ (6)"
"1025291090481381456","egono","2023-10-01T16:17:44.9900000+00:00","egono tp to me check this ut","","❤️ (6)"
"1025291090481381456","egono","2023-10-01T16:17:52.8800000+00:00","thats whats mentally draining","","🇸 (3),🇴 (7),🇷 (7),🇾 (7),laugh (1),🇰 (4),❤️ (5)"
"1025291090481381456","egono","2023-10-01T16:22:28.2930000+00:00","and to top it off","","❤️ (6)"
"1025291090481381456","egono","2023-10-01T16:22:32.0630000+00:00","i was left alone","","❤️ (5)"
"1025291090481381456","egono","2023-10-01T16:22:33.1610000+00:00","TWICE","","❤️ (5)"
"1025291090481381456","egono","2023-10-01T16:22:41.2690000+00:00","and i rebuilt the server","","❤️ (5)"
"1025291090481381456","egono","2023-10-01T16:22:46.4160000+00:00","from scratch","","❤️ (5)"
"1025291090481381456","egono","2023-10-01T16:28:08.3520000+00:00","this is also mentally draining","https://cdn.discordapp.com/attachments/1129342020448682015/1158077903729348699/image.png?ex=6a000958&is=69feb7d8&hm=a126b9b0dddcfeb0c7a6f717b661845466c9483136aeaad4052256b630b8a262&","❤️ (3)"
"1025291090481381456","egono","2023-10-01T16:34:53.2360000+00:00","And the cherry on top, i have gotten into a gymnasium (not sport school), the fucking hardest i have ever needed to learn.","","❤️ (6)"
"810206685494378526","dann.exe","2023-10-01T16:43:53.6430000+00:00","me too.","","❤️ (4)"
"810206685494378526","dann.exe","2023-10-01T16:44:17.8230000+00:00","that's mainly the reason why I'm taking a break","","❤️ (4)"
"796545729309048873","thiscatisd","2023-10-01T18:03:52.3510000+00:00",":pumpkin:","",""
"1025291090481381456","egono","2023-10-01T18:07:45.0580000+00:00","@here

**Heads up everyone!**


*I have decided to release....*

||
50XCREATIVE HALLOWEEN EDITION!@!@!!!@!!||



Whats new?

||Pumpkin hunt! Find 15 heads and get 1.5$ PER PUMPKIN!

NEW SPAWN! (spoki)

UPCOMING: NEW GAMEMODE (NOT SURVIVAL NOT CREATIVE) RELEASE AROUND MID OCTORBER!! (ITS FUN)
||
**ENJOY!**","","🤓 (21),💀 (14),🐺 (10),❤️ (9),☠️ (9),🦊 (9),anger (8),💩 (10),🐵 (8),pumpkin (10),BAN (7),🇬 (8),😃 (6),🇦 (7),🇲 (7),🇴 (7),🇾 (7),🇳 (7),🏳️‍🌈 (5)"
"792030294688399371","zombienoop","2023-10-01T18:12:04.7690000+00:00","yass","",""
"1025291090481381456","egono","2023-10-01T18:15:38.2680000+00:00","and maybe add gradient chat to /purchase","","🤯 (9),👍 (5),🦆 (3),🇾 (4),🇪 (4),🇸 (4)"
"1025291090481381456","egono","2023-10-02T14:26:15.5810000+00:00","@here 50xcreative.fun domain expired, from now on use 50xcreative.minehut.gg","","💀 (7),🦞 (6),🇬 (5),🇦 (5),🇾 (5),🇲 (5),🇴 (5),Ⓜ️ (5),🇪 (5),🇳 (5),🇹 (5),😭 (7)"
"1025291090481381456","egono","2023-10-03T18:18:09.7130000+00:00","anyone else got their cut fucked up by the barber","","😭 (5),🇾 (6),🇪 (6),🇦 (6),🇭 (6)"
"1025291090481381456","egono","2023-10-03T18:18:17.2450000+00:00","now my head legit looks like a egg","",""
"1025291090481381456","egono","2023-10-03T18:18:23.9100000+00:00","Egonos head is a egg 😔","","🗿 (7),🥚 (10)"
"1025291090481381456","egono","2023-10-03T18:18:30.1590000+00:00","an*","","🇪 (4),🇬 (4),🥚 (9),🇴 (4),🇳 (4),0️⃣ (4)"
"1025291090481381456","egono","2023-10-04T19:06:29.2180000+00:00","a","","😏 (3),🅱️ (4)"
"810206685494378526","dann.exe","2023-10-04T20:39:10.8440000+00:00","B 💀💀💀💯💯💯‼️‼️💥💥💀‼️💀🙌🗣💯💥💯🗣💥🙌🤩🙌🙌💯🤩‼️💥💯🤩🤩‼️‼️💀🔥🙌🤩🤩🤩🤩","","🇨 (7),❌ (2),😯 (2)"
"1025291090481381456","egono","2023-10-05T19:18:19.3280000+00:00","bruh, anyone who gonna message from now with just

""hi""
""um um --- i i have a question 🤓""
etc

i wont answer 


just get straight to the point

""Hello, I have question about the ... (example) (ticket system, how to create a ticket.).""

please get straight to the point or i js wont answer","","pumpkin (5),🇳 (2),🇴 (2),🤓 (2)"
"1025291090481381456","egono","2023-10-07T18:11:48.8550000+00:00","@PING | Notice 


I am excited to annouce that /gradientchat is released to /purchase!","",""
"1025291090481381456","egono","2023-10-07T18:11:57.3050000+00:00","Menu:","https://cdn.discordapp.com/attachments/1129342020448682015/1160278357020258334/image.png?ex=6a0021ad&is=69fed02d&hm=6de0a58e1e3eadd413105fdfa9e403d7bf91e582710d66093d5f5e310e8973ba&","blobnerd (5),🇨 (2),🇺 (2),🇸 (3),🇹 (2),🇴 (2),🇲 (2),🅱️ (2),🅰️ (2),🇱 (2),7️⃣ (2),5️⃣ (2)"
"1025291090481381456","egono","2023-10-07T18:12:08.0580000+00:00","RGB Gradient:","https://cdn.discordapp.com/attachments/1129342020448682015/1160278402595561502/image.png?ex=6a0021b8&is=69fed038&hm=78294dde2766dc5580bb77a753a70a9fa0f81fed330e6ba656be961324172342&","⚠️ (4)"
"1025291090481381456","egono","2023-10-07T18:12:20.2260000+00:00","Sunset Gradient:","https://cdn.discordapp.com/attachments/1129342020448682015/1160278453262745640/image.png?ex=6a0021c4&is=69fed044&hm=0e4dd0dab3c94583eb3bded1a881844b9ea5a8b66ca996f4e25abbc2e5e49572&","🤩 (5),🇲 (2),🇪 (2),🇴 (2),🇼 (2),😳 (2)"
"1025291090481381456","egono","2023-10-07T18:12:33.0440000+00:00","https://cdn.discordapp.com/emojis/863142950947258378.gif?size=64","","partyblob (10),Egono (5)"
"1025291090481381456","egono","2023-10-07T20:50:27.6450000+00:00","","https://cdn.discordapp.com/attachments/1129342020448682015/1160318246252195880/z.mp3?ex=6a0046d3&is=69fef553&hm=0d48dd6eb9a42e6b95aeaeea683ae73a1e9b70d511cdf3c6bed49cac9cdf2b8e&","bryh (3)"
"1025291090481381456","egono","2023-10-14T08:53:09.7270000+00:00","","https://cdn.discordapp.com/attachments/1129342020448682015/1162674444565758083/image.png?ex=6a004775&is=69fef5f5&hm=9ca464edfd830c8ea1eebcbc872f136fce1710f57fcb402c5a824825018892b2&","💩 (3),😳 (2),☠️ (2),🟩 (2)"
"1025291090481381456","egono","2023-10-14T13:42:57.4920000+00:00","I need some 1 from Turkey 🗣🗣 dm me ppslslspl I will give donor rank and maybe some money + vpn (nord) @PING | Notice","",""
"810206685494378526","dann.exe","2023-10-14T13:47:13.8180000+00:00","","https://cdn.discordapp.com/attachments/1129342020448682015/1162748442863485030/image.png?ex=69ffe39f&is=69fe921f&hm=7b4fedfa973fa66eef4166ebd9b65ae774d4cc34d69c91232c295466706a0644&","👿 (5),😇 (6),💀 (6),🔫 (1),😠 (3),👎🏿 (4),🇩 (2),ℹ️ (2),🇱 (2),🇴 (2),🇼 (2)"
"810206685494378526","dann.exe","2023-10-14T13:59:43.6960000+00:00","sorry haox","","🙂 (2)"
"1025291090481381456","egono","2023-10-16T18:20:56.7980000+00:00","So","",""
"1025291090481381456","egono","2023-10-16T18:21:01.5670000+00:00","It's over","",""
"1025291090481381456","egono","2023-10-16T18:21:05.2090000+00:00","I can say my opinion","","⚠️ (2),👍 (1)"
"1025291090481381456","egono","2023-10-17T15:39:24.7810000+00:00","i voted for crab","","🇳 (2),🇴 (5),Egono (4),✅ (8),💩 (8),🇱 (3),🅾️ (3),🇸 (3),🇪 (3),🇷 (3),❌ (1)"
"716806465821736970","pug.z","2023-10-21T12:35:54.8990000+00:00","happy birfday lookatmeincraft!","","blobnerd (3),✨ (6),👍 (6),Raise_a_glass (3),ghosted (3)"
"810206685494378526","dann.exe","2023-10-21T20:25:20.6600000+00:00","Happy birbday !!!! 🤩🔥🔥","","🐦 (3)"
"1025291090481381456","egono","2023-10-22T07:04:45.0750000+00:00","ya","","🇾 (3),🇦 (3),💯 (3)"
"810206685494378526","dann.exe","2023-10-23T18:00:29.8330000+00:00","Doing a face reveal in 10 minutes","",""
"810206685494378526","dann.exe","2023-10-23T18:10:57.2960000+00:00","Trigger warning cus im so hot","https://cdn.discordapp.com/attachments/1129342020448682015/1166076311320662106/SPOILER_image.png?ex=6a002171&is=69fecff1&hm=09dc6af1b55ad5ecb579e372ffdbd4af2721c4611d2c11c6a6f513efdf3b8d11&","🤓 (8),🥶 (5),🥰 (3),🤤 (3)"
"810206685494378526","dann.exe","2023-10-23T18:11:05.2500000+00:00","this is me real","",""
"810206685494378526","dann.exe","2023-10-23T20:19:23.6510000+00:00","🤓","https://cdn.discordapp.com/attachments/1129342020448682015/1166108634015596644/image0.jpg?ex=6a003f8b&is=69feee0b&hm=04572a7dadab1581717fc7538264689e2520b5bd237740ef2121348428bcdec8&",""
"1025291090481381456","egono","2023-10-24T20:46:33.2080000+00:00","𓃻⃝⃝ñ ∆⃟⃟𓋢𓉣𓉤𓉡⃟⃝ᥫ𓋢𓉣𓉤𓉡⃟⃝ᥫ᭡","","🤓 (8),🗣️ (5)"
"1025291090481381456","egono","2023-10-27T12:22:19.1500000+00:00","@here","","🇭 (9),🇮 (9),😍 (5),🇳 (4),🇦 (4)"
"1025291090481381456","egono","2023-10-27T12:22:24.9460000+00:00","IMPORTANT","","😱 (5)"
"1025291090481381456","egono","2023-10-27T12:23:05.8090000+00:00","should we rollback to

10/23/2023 MM/DD/YYYY

20:20 GMT+0

Reason:

Server has severe lag issues without any reason.","","🤤 (7),✅ (9),😍 (6),❤️ (5),😘 (5),🦆 (4)"
"155149108183695360","Dyno#3861","2023-10-27T12:23:48.6490000+00:00","","","1️⃣ (36),2️⃣ (5),🦆 (5)"
"1025291090481381456","egono","2023-10-27T12:24:47.8760000+00:00","poll ending in 20 mins","",""
"1025291090481381456","egono","2023-10-27T12:24:54.3030000+00:00","then possible server going offline for like 2 hours","","😱 (5)"
"1025291090481381456","egono","2023-10-27T12:25:18.7210000+00:00","https://tenor.com/view/ping-me-one-more-time-gif-4142606935083504117","","🤓 (2)"
"1025291090481381456","egono","2023-10-27T12:25:20.1370000+00:00","||@everyone ||","","🙀 (7),🫃 (8),🤫 (3),😘 (3)"
"1137603121183469659","moonslicedd","2023-10-27T12:35:02.5710000+00:00","bet","","BAN (2)"
"1137603121183469659","moonslicedd","2023-10-27T12:35:09.2650000+00:00","@Egono","","🇵 (5),🇮 (5),🇳 (5),🇬 (5)"
"1025291090481381456","egono","2023-10-27T12:45:37.0270000+00:00","ok","",""
"1025291090481381456","egono","2023-10-27T12:45:40.3550000+00:00","server gettm","",""
"1025291090481381456","egono","2023-10-27T12:45:44.6210000+00:00","getting rollbacked","",""
"1137603121183469659","moonslicedd","2023-10-27T12:46:03.3820000+00:00",":3emoji:","",""
"655370438695714816","codingmaster","2023-10-27T12:49:59.1590000+00:00","","https://cdn.discordapp.com/attachments/1129342020448682015/1167445088230707321/image.png?ex=69ffd637&is=69fe84b7&hm=6945640e97be06394ae9d956e33c062ca19440e31192ddc58b15c717de829811&",""
"1137603121183469659","moonslicedd","2023-10-27T12:50:06.9740000+00:00","woah","",""
"1137603121183469659","moonslicedd","2023-10-27T12:50:08.9950000+00:00","crazy","",""
"1025291090481381456","egono","2023-10-27T15:22:59.3990000+00:00","yeah im kinda lazy","","💀 (3),😭 (3)"
"1025291090481381456","egono","2023-10-27T15:23:10.9010000+00:00","rollback maybe tomorrow only","",""
"1025291090481381456","egono","2023-10-27T15:23:15.3280000+00:00","go play hypixel","",""
"1025291090481381456","egono","2023-10-27T20:11:09.2970000+00:00","no more hacking on road blocks","",""
"1025291090481381456","egono","2023-10-27T20:11:11.1220000+00:00","https://devforum.roblox.com/t/exploit-prevention-update/2663101/16","","😭 (6),🛣️ (4),🧊 (4),laugh (2)"
"810206685494378526","dann.exe","2023-10-27T23:20:49.6390000+00:00","https://tenor.com/view/life-is-roblox-life-roblox-is-dj-khaled-gif-8271039727770837203","",""
"1025291090481381456","egono","2023-10-29T13:14:56.2360000+00:00","rollbacks","",""
"1025291090481381456","egono","2023-10-29T13:15:00.1460000+00:00","iz zone","","😱 (5)"
"1025291090481381456","egono","2023-10-29T13:15:08.0750000+00:00","@everyone","","😭 (7),🤓 (7),❓ (4)"
"1025291090481381456","egono","2023-10-29T13:15:09.6450000+00:00","join","","BlueEmoji (4),bryh (3)"
"1025291090481381456","egono","2023-10-29T13:32:21.1940000+00:00","It's been 30 minutes without access to my favorite server, and I can't stop shaking and having mental breakdowns. I woke up today excited to join the Server 50xCreative, but it's currently down, and I'm having a major panic attack. I couldn't even go to school today. I'm so worried that I even considered commiting suicide, but I cant find a way to cope without it. 50xCreative is my life, and I've spent a lot of money on it, like buying worldedit and donator rank. I can't lose this connection; it's my passion. Without 50xCreative im nothing. I've met my amazing girlfriend UwUimnotABOy442 here. We used to build incredible creations together, and I can't bear the thought of not being able to play with them again. My heart races just thinking about it, and I don't know what to do. I hope the server comes back soon because then I will commit suicide.","","😭 (17),🇸 (12),🇦 (12),🇲 (11),🇪 (12),😶 (4),🤫 (3),💀 (4),🇱 (2)"
"655370438695714816","codingmaster","2023-10-29T14:42:40.3220000+00:00","Should i join server later today?","","🐟 (4),🗣️ (2),bryh (7),👍 (4),🇾 (5),🇪 (6),🇳 (5),🇴 (5),❌ (1),🇸 (6)"
"1007001204431278170","thiscatisd_","2023-11-02T11:00:43.3330000+00:00","Fnaf movie was good","","❌ (5),🇼 (3),🇦 (4),🇸 (4),🇳 (4),🇹 (4)"
"810206685494378526","dann.exe","2023-11-02T11:11:35.1620000+00:00","fr","","❌ (6)"
"810206685494378526","dann.exe","2023-11-02T11:11:53.2740000+00:00","https://tenor.com/view/five-nights-at-freddys-freddy-five-night-five-night-freddy-five-nights-at-freddy-five-night-at-freddys-gif-24691276","","😱 (7)"
"810206685494378526","dann.exe","2023-11-03T22:26:06.3270000+00:00","","https://cdn.discordapp.com/attachments/1129342020448682015/1170126788907769886/IMG-20231031-WA0005.jpg?ex=69ffb47e&is=69fe62fe&hm=5c2475796977339e5e6ad2fe2451e38406ba294ee20bda485391b786df41f133&",""
"1025291090481381456","egono","2023-11-04T09:37:34.3420000+00:00","It wasnt","","✅ (6),❌ (2)"
"797851554316025876","_sakuratea_","2023-11-05T13:31:03.1340000+00:00","@here quick warn, my energy comes in 2/3 days or less since the entire city energy got down
im on the shopping
tday is day 5
day 7 it might come up again or in even less time
i might not appear","","👍 (17),🤫 (10),💀 (8),😭 (5)"
"1025291090481381456","egono","2023-11-11T16:10:05.8080000+00:00","","https://cdn.discordapp.com/attachments/1129342020448682015/1172931265696124928/Screenshot_20231111_180208_Minesweeper.jpg?ex=6a00051d&is=69feb39d&hm=5f78707739c77ee6b97ae32bfba78ea13df8db45add01470294f6187cb339a00&",""
"1025291090481381456","egono","2023-11-11T16:10:08.5180000+00:00","I need help","","🤓 (8),🫡 (4)"
"1025291090481381456","egono","2023-11-12T11:24:46.9710000+00:00","@PING | Notice if someone is a nerd like me I accept btc, eth as a payment also, js dm me","","🇨 (3),🇷 (3),🇾 (3),🇵 (3),🇹 (3),🇴 (3),💸 (4),🤓 (4),😩 (2)"
"1025291090481381456","egono","2023-11-12T12:16:17.2270000+00:00","@everyone NEW DOMAIN 
50XCREATIVE.XYZ","","🇧 (11),🇷 (9),😵‍💫 (9),🇺 (10),🇭 (10),🙀 (5),🥵 (4),BlueEmoji (1),😍 (3),😩 (2)"
"1173204851749048371","50xcreativeownership","2023-11-12T16:41:28.9140000+00:00","imagine","","partyblob (2),bryh (7),😩 (2)"
"810206685494378526","dann.exe","2023-11-12T22:08:09.8740000+00:00","https://media.discordapp.net/attachments/1147982399343444054/1171481517218873434/857lar.gif?ex=655cd62e&is=654a612e&hm=45ad373ed721e99a451dc420e19eb3153d67891d1245ef2f713b1bb82a6cbcc3&","","🤓 (11),😩 (2)"
"810206685494378526","dann.exe","2023-11-13T17:03:31.1510000+00:00","https://tenor.com/view/ryan-benis-gif-20271876","","📦 (3),😩 (2)"
"797851554316025876","_sakuratea_","2023-11-13T19:28:04.0710000+00:00","@here LONG STORY SHORT: Battery died 6 days ago
recovered it today
and im getting a BRAND NEW GAMER PC IN MY BIRTHDAY
:D","","🇱 (12),🆗 (9),🤪 (6),❤️ (6),🚪 (4),😍 (7),🗿 (5),🔳 (5),🦶 (3),🖕 (6),🍌 (4),🫃 (4),blobnerd (3),🇲 (7),🇦 (7),🇨 (7),BAN (3),🙀 (5),blobevil (3),😩 (3)"
"792030294688399371","zombienoop","2023-11-13T19:28:26.4770000+00:00","wow","","😩 (2)"
"791883614039572482","frimdih","2023-11-15T11:11:54.9110000+00:00","ong","","😩 (4)"
"1025291090481381456","egono","2023-11-16T18:39:08.7440000+00:00","stop pinging everyone","","👍 (5),😩 (4)"
"1025291090481381456","egono","2023-11-16T18:39:17.1580000+00:00","annoucement ping exists","","🫢 (7),😩 (4),🍆 (7),😯 (3)"
"810206685494378526","dann.exe","2023-11-19T21:16:52.5660000+00:00","https://tenor.com/view/markiplier-transitions-transition-kinemaster-gif-23224312","","😱 (8)"
"1025291090481381456","egono","2023-11-20T15:23:11.5890000+00:00","@PING | Notice 


Today, we decided to upgrade the server from 8GB of RAM to ||10GB|| of RAM!

What does that mean?

That means that the server won't lag as much as before! And will be a bit more stable when fighting against lag machines!

All that is possible because of you guys, thank you.","","tehee (15),🥰 (8),🇴 (5),⭕ (8),🇫 (6),Aubrey_EcstaticOE (3),YAY (9),heartheart (4),😘 (2),🇱 (4),🆒 (4),👍 (4),😩 (2)"
"1007001204431278170","thiscatisd_","2023-12-03T01:55:10.6420000+00:00","fortnite event was good 🔥🔥","","🇳 (8),🇦 (7),🇭 (7),🇾 (4),🇪 (4),🙌 (3)"
"1173204851749048371","50xcreativeownership","2023-12-10T09:16:54.0110000+00:00","@𝒂𝒔𝒉𝒍𝒚𝒏~  is gay","","👆 (5),👍 (5),🇫 (4),🇷 (5),🇳 (2),🇴 (2),1️⃣ (2),🇦 (2),🇸 (2),🇰 (2),🇪 (3),🇩 (2),🇹 (2),🇺 (2)"
"843353250296365077","asiqn","2023-12-10T09:19:38.6010000+00:00","nou","","🤓 (6),🇾 (5),🇪 (5),🇸 (5),😩 (3)"
"1025291090481381456","egono","2023-12-10T15:00:39.8880000+00:00","","https://cdn.discordapp.com/attachments/1129342020448682015/1183423040667783189/image.png?ex=69fff4d7&is=69fea357&hm=eb7406fc4751af7805f481569d13cec1470b7431addac0aa7d6e6cd0acdbf80f&","😩 (4)"
"1025291090481381456","egono","2023-12-10T15:00:43.5560000+00:00","sorry every follow me","","😩 (4)"
"1025291090481381456","egono","2023-12-10T15:00:48.5580000+00:00","today i only speak in inglish","","😩 (4)"
"1025291090481381456","egono","2023-12-10T15:00:59.6370000+00:00","becaz i got 30 mins lef","","😩 (4)"
"1025291090481381456","egono","2023-12-10T15:01:05.8930000+00:00","until me no speak inglish","","❓ (4),😩 (4)"
"1025291090481381456","egono","2023-12-10T15:36:26.5940000+00:00","","https://cdn.discordapp.com/attachments/1129342020448682015/1183432044626325574/image.png?ex=69fffd3a&is=69feabba&hm=418738d97f902b1aef4931b33d43d8bf520d1d9856b0dc65637e0b68baa87316&","💔 (12),🇱 (4),😩 (2)"
"1025291090481381456","egono","2023-12-10T15:36:31.4960000+00:00","💔","","😩 (3)"
"810206685494378526","dann.exe","2023-12-10T16:19:17.8040000+00:00","huh","","blue_suspicious (2),😩 (2)"
"1025291090481381456","egono","2023-12-11T15:17:12.2260000+00:00","","https://cdn.discordapp.com/attachments/1129342020448682015/1183789590704832584/image.png?ex=69fff8b8&is=69fea738&hm=3b0ecb72064ae44c03faba6b8bd350b1ae2e36552b20d9a8b6a8aeb9624b6b0e&","😩 (8),blobnerd (2)"
"1025291090481381456","egono","2023-12-11T15:17:16.1300000+00:00","what","","😩 (8)"
"1025291090481381456","egono","2023-12-11T15:17:22.1290000+00:00","16 gb of ram","","😩 (8)"
"1025291090481381456","egono","2023-12-11T15:17:24.3550000+00:00","low on memory","","😩 (8)"
"1025291090481381456","egono","2023-12-11T15:17:27.6930000+00:00","i never seen this shit","","💀 (6),😩 (7)"
"1025291090481381456","egono","2023-12-11T20:55:11.9910000+00:00","should i open  #deleted-channel ?","","✅ (17),❌ (6),🇾 (10),🇪 (9),🇸 (10),bryh (4),🦊 (7),🐺 (6),🐱 (6),😻 (6),🇩 (5),🇴 (5),🇳 (5),🇹 (5),2️⃣ (2),😩 (4),✖️ (3),🚫 (2),⛔ (2),🗣️ (4)"
"1025291090481381456","egono","2023-12-11T20:55:16.2650000+00:00","@PING | Notice","","😩 (7),🇵 (7),🇱 (7),tehee (4),🇪 (8),🇦 (7),🇸 (7),🇺 (3),📧 (3),🇳 (4),🍆 (6),👌 (3),🇴 (4),BAN (3),🖕 (4),🖕🏻 (5),✖️ (4),❌ (4),🚫 (4),⛔ (4)"
"655370438695714816","codingmaster","2023-12-12T16:07:30.3670000+00:00","**We know you cant connect to the server right now**
*At this moment, we are migrating hosts, please be patient, a ping will be made when the transfer is succesful*","","✅ (5),🆗 (6),🇹 (4),🇭 (4),🇦 (4),🇳 (4),🇰 (4),🇸 (4)"
"1025291090481381456","egono","2023-12-12T18:37:18.3180000+00:00","@everyone 

o my gyatt chat, is this real? 50x creative confirmed back??? o my gyat","","🇳 (8),🇴 (8),😩 (7)"
"655370438695714816","codingmaster","2023-12-12T18:38:08.3200000+00:00","**Yes guys join!! 50xcreative.xyz**","",""
"1025291090481381456","egono","2023-12-12T18:38:09.1240000+00:00","my devs coundlt fix it","","😩 (5)"
"1025291090481381456","egono","2023-12-12T18:38:13.7820000+00:00","me fix myself","","🧢 (5),😩 (6)"
"655370438695714816","codingmaster","2023-12-12T18:38:22.2190000+00:00","egono i did 3/4 of the work 🤣","","👍 (5)"
"1025291090481381456","egono","2023-12-12T18:38:26.5750000+00:00","u didnt","","😩 (5)"
"1025291090481381456","egono","2023-12-12T18:38:32.5110000+00:00","i smart","","🧢 (7),😩 (5)"
"655370438695714816","codingmaster","2023-12-12T18:38:33.0820000+00:00","u just did the last step :/","",""
"1025291090481381456","egono","2023-12-12T18:38:34.6660000+00:00","i remembered","","😩 (6)"
"1025291090481381456","egono","2023-12-12T18:38:39.4410000+00:00","paper config","","😩 (6)"
"1025291090481381456","egono","2023-12-12T18:39:06.0690000+00:00","ok gays","","🇬 (4),🇦 (4),🇾 (4),🇧 (4),🇴 (4),❕ (4),😩 (6)"
"1025291090481381456","egono","2023-12-12T18:39:08.9070000+00:00","50x back","","😩 (5)"
"1025291090481381456","egono","2023-12-12T19:07:56.6470000+00:00","Should we make 50xcreative seasons? Reset playtime etc. @PING | Notice","","✅ (6),💩 (3),❌ (27),😩 (5),🍆 (5)"
"1025291090481381456","egono","2023-12-12T20:19:15.5460000+00:00","@PING | Notice","","🇾 (4),🇦 (4),😩 (6),🇳 (4),🇴 (4)"
"1025291090481381456","egono","2023-12-12T20:19:45.9390000+00:00","The server will be up, but dont recommend making any shops etc, because everything will be reset to the old server, aka the one that was 2 days ago","","😩 (4),🤑 (2)"
"1025291090481381456","egono","2023-12-12T20:20:18.3040000+00:00","Playerdata is missing, cant find where minecraft pulls the data out of","","😩 (4),🤔 (2)"
"1025291090481381456","egono","2023-12-12T20:37:09.5300000+00:00","**[!] You will recieve this message after every text u send, currently you cant disable it. If I find the correct place to put in playerdata i will remove it.**","https://cdn.discordapp.com/attachments/1129342020448682015/1184232497941323886/image.png?ex=6a0043b5&is=69fef235&hm=ffb9b9f8c796c8d737b31215be72a1fc5f45680e43b8d3e4cc48cecdebce3b2f&","🤓 (4),🇲 (2),🇪 (2),🇧 (2),🇦 (2),🇳 (2),🇩 (2),😩 (2)"
"655370438695714816","codingmaster","2023-12-12T20:54:32.7540000+00:00","**Just an FYI: **
*Tomorrow there is a planned system wide maintenance for minehut, there is nothing we can do about it and for a certain time period, you wont be able to join the server. The maintenance starts at **Wednesday, 13 December 2023 8:00:00 PM** **(This time adjusts for your time zone)** and is supposed to take 1 hour, but delays are expected as always.*","",""
"1025291090481381456","egono","2023-12-12T20:54:38.5380000+00:00","(minehut page) 🚧 Downtime Tomorrow: 13 December 2023 at 22:00
We will have about ~1 hour of downtime tomorrow so we can update to the most recent version of Minecraft.","","😩 (3)"
"1025291090481381456","egono","2023-12-12T20:54:55.7190000+00:00","In simple terms, exactly in 11 hours.","","😩 (3)"
"1025291090481381456","egono","2023-12-12T20:55:04.8540000+00:00","and 5 minutes","","🤓 (6),😩 (5)"
"843353250296365077","asiqn","2023-12-13T08:25:21.3770000+00:00","nvm done","",""
"655370438695714816","codingmaster","2023-12-13T17:15:50.3180000+00:00","@PING | Notice **Server ender chest wipe!**
*On **Wednesday, 13 December 2023 6:00 PM, 13/12/2023 6:00 PM** the server will go in **maintenance mode** and all the ender chests will be **wiped.** We will notify you when the maintenance is done. **Sorry for the inconvenience!***","","💤 (5),😩 (5),🇳 (3),🇴 (3),🇼 (3),🇭 (3),🇾 (3)"
"655370438695714816","codingmaster","2023-12-13T17:46:01.2160000+00:00","**Except from that, i will add /nbts back, i will add /skulls back, and do major back end work that needs to be done.**","","❤️ (5),😩 (4)"
"655370438695714816","codingmaster","2023-12-13T18:01:15.1000000+00:00","# The maintenance has now started!","",""
"716806465821736970","pug.z","2023-12-13T18:01:25.7730000+00:00","Great things are underway ❤️","","❌ (6),❤️‍🔥 (6)"
"655370438695714816","codingmaster","2023-12-13T18:45:20.8010000+00:00","@PING | Notice 
# Maintenance is now OVER
**The server maintenance is now over, thank you for your patience!**","","😩 (7),🤓 (2)"
"655370438695714816","codingmaster","2023-12-13T18:47:19.4970000+00:00","**All enderchests are now wiped**
/nbts and /skulls are now **BACK**","","😩 (7),🤠 (3),🤓 (2)"
"655370438695714816","codingmaster","2023-12-13T18:56:07.5730000+00:00","( @lookatminecraft )","",""
"716806465821736970","pug.z","2023-12-13T18:56:48.9850000+00:00","eheheh","","blobnerd (3)"
"155149108183695360","Dyno#3861","2023-12-15T16:28:54.2220000+00:00","","","1️⃣ (8),2️⃣ (23),3️⃣ (9),4️⃣ (1)"
"155149108183695360","Dyno#3861","2023-12-15T16:30:19.5830000+00:00","","","1️⃣ (9),2️⃣ (31)"
"1025291090481381456","egono","2023-12-15T16:32:06.9360000+00:00","@PING | Notice","","😩 (7),🖕 (7),🖕🏻 (7)"
"1025291090481381456","egono","2023-12-16T08:09:07.2880000+00:00","@everyone 

You asked for it, you guys got it. https://50xcreative.tebex.io/ 50% sale of the biggest items, Worldedit and NBT does not have 50%, but its 7 eur less than before! Sale until Monday, 25 December 2023 9:00 AM. Enjoy!","","🤑 (3),😩 (3),🤓 (2)"
"235148962103951360","Carl-bot#1536","2023-12-16T08:09:29.4160000+00:00","","","🤓 (7),😩 (1)"
"235148962103951360","Carl-bot#1536","2023-12-16T08:10:01.2940000+00:00","","","🤓 (11),👃 (5),😩 (3)"
"716806465821736970","pug.z","2023-12-16T13:05:28.6990000+00:00","i want donor rank with perms! pick me pick me!!","","🤓 (8),blobnerd (5),🇳 (6),🇴 (6),🆗 (3),😩 (3)"
"1025291090481381456","egono","2023-12-16T21:43:08.1180000+00:00","omg??","https://cdn.discordapp.com/attachments/1129342020448682015/1185698652937801849/image.png?ex=6a00532c&is=69ff01ac&hm=e48dc06032bf054345a4a3061765a40a935521069251958abbb55796f18155c6&","🤓 (7),😩 (9),🍆 (5),🥜 (5)"
"1025291090481381456","egono","2023-12-16T21:43:09.1700000+00:00","real","","😩 (6)"
"716806465821736970","pug.z","2023-12-17T20:26:30.0720000+00:00","ya'll are amazing","https://cdn.discordapp.com/attachments/1129342020448682015/1186041755158708296/image.png?ex=6a004136&is=69feefb6&hm=8bac23d03f58a09452f5aa47d420dffdd7ea7636564d923017bfc52dbdd1303d&","🗣️ (6),🤓 (6),🔥 (6),🤩 (5),💯 (5),😱 (5),tehee (5),🥶 (5),🥵 (5),😈 (4),🤑 (4),👍 (4),pumpkin (4),blobnerd (4),BAN (4),🇵 (4),🇴 (4),⭕ (4),💸 (3),Egono (3)"
"1025291090481381456","egono","2023-12-17T20:27:46.1900000+00:00","@here if we get 40, i do worldedit giveaway and nbt giveaway","","😲 (12)"
"1025291090481381456","egono","2023-12-17T20:27:52.7790000+00:00","(and it will make my day)","","😲 (9)"
"716806465821736970","pug.z","2023-12-17T20:38:10.2190000+00:00","we close, recovered from crash in just 5 minutes","https://cdn.discordapp.com/attachments/1129342020448682015/1186044691804848128/image.png?ex=6a0043f2&is=69fef272&hm=3f0c3267e6573225861b996595c432e5d5da1cac9f85c74680f0a4282e60f264&",""
"716806465821736970","pug.z","2023-12-17T20:38:12.5610000+00:00","HOP ON YALL","","👍 (6)"
"1025291090481381456","egono","2023-12-17T20:43:17.2160000+00:00","@everyone  Join.","","🇴 (7),🤯 (8)"
"716806465821736970","pug.z","2023-12-17T20:43:37.5420000+00:00","at 40 PLAYERS, WORLDEDIT GIVEAWAY & NBT","","👍 (8),😮 (6)"
"1025291090481381456","egono","2023-12-17T20:43:44.5880000+00:00","and 20 coins","","🪙 (5),😩 (3)"
"1025291090481381456","egono","2023-12-17T20:43:47.6850000+00:00","for everyone online","",""
"716806465821736970","pug.z","2023-12-17T20:43:53.2900000+00:00","true","",""
"1025291090481381456","egono","2023-12-17T20:43:59.6500000+00:00","just a reminder record was 43","","🏆 (4),😩 (3)"
"1025291090481381456","egono","2023-12-17T20:44:04.0720000+00:00","with like 15 tps","","anger (4),😩 (3)"
"1025291090481381456","egono","2023-12-17T20:44:07.8770000+00:00","now its 12 mspt","","😩 (2)"
"1025291090481381456","egono","2023-12-17T20:44:14.6520000+00:00","with 30 to 40 players","","🇬 (7),🇴 (7),❗ (7),😩 (3)"
"716806465821736970","pug.z","2023-12-17T20:51:11.4050000+00:00","bro.","","😡 (6),bryh (5)"
"1025291090481381456","egono","2023-12-17T20:52:53.3440000+00:00","yeah no im giving up","","😩 (3)"
"1025291090481381456","egono","2023-12-17T20:52:56.4860000+00:00","i thought this was the day","","😩 (4)"
"716806465821736970","pug.z","2023-12-17T21:01:03.3240000+00:00","we crashed 3 times, but recovered each time and peak at a higher rate each time. we got this, max today so far was 37","",""
"716806465821736970","pug.z","2023-12-17T21:10:59.2350000+00:00","We actually did it. 40 players. Wow.","https://cdn.discordapp.com/attachments/1129342020448682015/1186052950443954246/image.png?ex=6a004ba3&is=69fefa23&hm=dbcdd59c31c79a3d84b0adab9ec38328de9cf917d32469758e23f9ff01daa353&","🇪 (5),🔥 (6),😱 (5),💯 (5),🇾 (5),🇦 (5),🇭 (5),tehee (3),Egono (5),🙄 (2)"
"235148962103951360","Carl-bot#1536","2023-12-17T21:11:08.2170000+00:00","","",""
"235148962103951360","Carl-bot#1536","2023-12-17T21:11:18.4900000+00:00","","",""
"1025291090481381456","egono","2023-12-17T21:17:43.4460000+00:00","What is bro on about","","blue_suspicious (3),😩 (5)"
"1025291090481381456","egono","2023-12-17T21:19:45.5770000+00:00","Pinned a message.","",""
"1025291090481381456","egono","2023-12-17T21:20:02.1850000+00:00","i have to study math, but i put my time for you guys.","","❤️ (10),🇮 (6),🇱 (6),🇾 (6),😩 (6),🥰 (5)"
"810206685494378526","dann.exe","2023-12-17T21:37:17.0510000+00:00","i'm so gonna fail latin tmrw","",""
"810206685494378526","dann.exe","2023-12-17T21:37:21.0730000+00:00","🤑","","🤑 (13)"
"235148962103951360","Carl-bot#1536","2023-12-19T21:11:08.9320000+00:00","Congratulations to the winner of **NBT access** https://discord.com/channels/1129335265907978260/1129342020448682015/1186052988331114620 
- @theduperpooper","","😡 (10),🇩 (6),🇦 (6),🇲 (6),🇾 (6),🇺 (6),😩 (1)"
"235148962103951360","Carl-bot#1536","2023-12-19T21:11:21.0330000+00:00","Congratulations to the winner of **worldedit** https://discord.com/channels/1129335265907978260/1129342020448682015/1186053031419195525 
- @Deleted User","","😡 (10)"
"1025291090481381456","egono","2023-12-20T10:47:15.0900000+00:00","Guy is banned, cant win the giveaway.","",""
"235148962103951360","Carl-bot#1536","2023-12-20T10:47:51.2450000+00:00","Congratulations to the winner of giveaway https://discord.com/channels/1129335265907978260/1129342020448682015/1186052988331114620 
- @SkeletonSteve77","","😡 (8),🇼 (2),🇭 (2),🇾 (2),🇷 (3),🇮 (3),🇬 (3),🇪 (3),🇩 (3)"
"1025291090481381456","egono","2023-12-20T10:48:03.5630000+00:00","6 hours","",""
"843353250296365077","asiqn","2023-12-20T11:32:28.3540000+00:00","Hi guys","","🇭 (7),🇮 (7),🇵 (7),🇪 (7),🇷 (7),🇸 (7),🇴 (7),🇳 (7)"
"1025291090481381456","egono","2023-12-22T16:30:39.0450000+00:00","@PING | Notice 
im too lazy to make a whole board so here

New staffs:

@philly cheese steak 
@saa6d 
@Nororo 
@not real @Kristiano 
@30xxx","","🇳 (8),🇪 (7),🇼 (7),🇸 (6),🇹 (6),🇦 (6),🇫 (8),🤑 (7),🅱️ (4),🅰️ (4),🇱 (4),🇿 (4),🃏 (3),🚀 (5),😭 (3),🌹 (3)"
"743019909474418800","MCPinger#0875","2023-12-22T17:06:55.0230000+00:00","","","🌹 (3),🍆 (4),😩 (1),🫨 (2),🤒 (2),🎅 (2)"
"716806465821736970","pug.z","2023-12-24T15:03:42.0260000+00:00","It's snowin' season on 50x! Happy holidays! Hop on for a winter wonderland 🗿 🎅","https://cdn.discordapp.com/attachments/1129342020448682015/1188497234749300838/image.png?ex=69fff58d&is=69fea40d&hm=5f6f82d1e8cd3a7610c08df40fbce044807d6a7cabea9eec73927d3184663c76&","☃️ (8),🔥 (5),🦧 (5),😩 (7),🤩 (4),🦆 (3),😻 (4),🗣️ (3),blobnerd (4),tehee (4),🇱 (3),🥶 (3),😮 (3),😭 (3),🎉 (3),🫃 (4),💯 (3),❤️ (4),🇸 (3),🇺 (3)"
"1025291090481381456","egono","2023-12-24T15:27:17.6610000+00:00","@everyone Last chance to get a discount at the store!

https://50xcreative.tebex.io/

!!!","","😱 (7),🇴 (4),🇲 (5),🍆 (6),🧱 (3),pumpkin (3),☠️ (1)"
"235148962103951360","Carl-bot#1536","2023-12-24T19:10:15.0670000+00:00","","",""
"1137603121183469659","moonslicedd","2023-12-24T19:11:27.8330000+00:00","@everyone teehee 👀","","😭 (5),🤑 (6),🤓 (6),🏓 (3),💸 (3),💹 (2),🫰 (2),BAN (4),🔫 (4),💵 (3),💶 (3),🔪 (3),💲 (2),💰 (3),💴 (3),🪙 (2),💳 (2),💱 (2),bryh (3),🧧 (2)"
"907920882167607357","itz_kudo","2023-12-24T19:57:49.4210000+00:00","blud what 💀💀","",""
"235148962103951360","Carl-bot#1536","2023-12-24T20:10:15.7030000+00:00","Congratulations to the winner of **Custom rank 😝** https://discord.com/channels/1129335265907978260/1129342020448682015/1188559281474248745 
- @Scrutti","","😡 (3)"
"1137603121183469659","moonslicedd","2023-12-24T20:16:57.7230000+00:00","Bro left the dc server 💀","",""
"235148962103951360","Carl-bot#1536","2023-12-24T20:17:12.8850000+00:00","Congratulations to the winner of giveaway https://discord.com/channels/1129335265907978260/1129342020448682015/1188559281474248745 
- @Jaden","","😡 (3)"
"1137603121183469659","moonslicedd","2023-12-24T20:18:13.7520000+00:00","@Jaden dm me","",""
"1137603121183469659","moonslicedd","2023-12-24T20:18:18.5670000+00:00","u have 5mins","","😮 (2)"
"235148962103951360","Carl-bot#1536","2023-12-24T20:24:42.1600000+00:00","Congratulations to the winner of giveaway https://discord.com/channels/1129335265907978260/1129342020448682015/1188559281474248745 
- @firecat000","",""
"1137603121183469659","moonslicedd","2023-12-24T20:24:49.7440000+00:00","@firecat000 5mins to dm me","",""
"1137603121183469659","moonslicedd","2023-12-24T20:25:12.4980000+00:00","if bro doesnt ill do another reroll and if bro ain answer no ones gets the reward 😛","","🇱 (2),😭 (3),🇵 (2),🇮 (2),🇨 (2),🇰 (2),🇲 (2),🇪 (2)"
"1137603121183469659","moonslicedd","2023-12-24T20:37:02.7040000+00:00","oh right its claimed 😛","","😡 (2)"
"1137603121183469659","moonslicedd","2023-12-24T20:37:16.7360000+00:00","Have a good christmas yall!!! ❤️ 💋","","🎅 (2)"
"1007001204431278170","thiscatisd_","2023-12-24T20:50:31.7910000+00:00","get out of my head","https://cdn.discordapp.com/attachments/1129342020448682015/1188584517112434788/IMG_5807.jpeg?ex=6a0046d7&is=69fef557&hm=80ec1d33dfa3374155cc35557ed3eb3c52833a93578ebb5c21a8867ae2061adc&","🗣️ (6),🔥 (2),laugh (3)"
"235148962103951360","Carl-bot#1536","2023-12-25T08:09:29.8570000+00:00","Congratulations to the winners of **Donator Rank** https://discord.com/channels/1129335265907978260/1129342020448682015/1185493892636889118 
- @miffy
- @Phobia","",""
"235148962103951360","Carl-bot#1536","2023-12-25T08:10:02.0260000+00:00","Congratulations to the winners of **Donator Rank With Perms** https://discord.com/channels/1129335265907978260/1129342020448682015/1185494026342899772 
- @realgoodbee
- @Cat
- @Tibo
- @Karkkitehti","",""
"843353250296365077","asiqn","2023-12-25T08:50:01.0760000+00:00","Kark redeemed
Tibo denied","","🇸 (4),🇦 (4),🇩 (4),👍 (5)"
"1025291090481381456","egono","2023-12-25T09:17:23.3820000+00:00","E me ge","",""
"1025291090481381456","egono","2023-12-25T09:17:24.8190000+00:00","Donchekle","",""
"810206685494378526","dann.exe","2023-12-25T10:35:18.3760000+00:00","Merry christmas everyone!!

xoxo 

Dan","","🇾 (4),🇴 (4),🇺 (4),2️⃣ (4),🎅 (4)"
"907920882167607357","itz_kudo","2023-12-25T12:30:06.3540000+00:00","marry chri ma!!!!!!","","🎅 (5)"
"1007001204431278170","thiscatisd_","2023-12-25T13:01:34.5810000+00:00","happy christmas, hope ur presents are good","","🇳 (3),🇴 (3),🇵 (3),🇪 (3)"
"716806465821736970","pug.z","2023-12-25T13:17:11.6870000+00:00","merry chriamzgas geys!","","🎅 (7)"
"1025291090481381456","egono","2023-12-25T14:06:46.4700000+00:00","@PING | Notice  LAST CHANCE! https://50xcreative.tebex.io/

1 hour left!!@!!11","","😨 (2)"
"1025291090481381456","egono","2023-12-25T14:12:48.9930000+00:00","(create a ticket to claim)","","🎟️ (6)"
"655370438695714816","codingmaster","2023-12-25T17:20:28.9700000+00:00","# Merry christmas everyone! 
**Please take some time off today to spend with your families!**","","🇳 (6),🇴 (7),🇩 (3),🇪 (3),🇫 (3),😊 (2),❤️‍🔥 (2)"
"843353250296365077","asiqn","2023-12-25T23:15:57.3170000+00:00","Never knew we had multiple families, I'll visit Miguel today.","","🇫 (4),🇷 (4)"
"843353250296365077","asiqn","2023-12-26T10:25:31.2640000+00:00","Dear valued players,

For people who want to put ideas in  #💡・ideas , please note that you should only suggest fresh new ideas that aren't on the server and people would think it is a great decision, and not report bugs or ask things to be fixed as that is the sole purpose of the channel.

Regards,
Asiqn","","👍 (4),🇦 (4),🇸 (4),🇮 (4),🇶 (4),🇳 (4),⭐ (2)"
"1007001204431278170","thiscatisd_","2023-12-26T15:28:34.3000000+00:00","@PING | Notice event time (not skibidi toilet)","","laugh (5),🤯 (4),😡 (3),🇼 (2),🇭 (3),🇦 (3),❓ (3),🇨 (2),🇷 (2),🇮 (3),🇳 (2),🇬 (2),🇪 (2),⭐ (2)"
"1007001204431278170","thiscatisd_","2023-12-26T20:06:10.4950000+00:00","alright guys","",""
"1007001204431278170","thiscatisd_","2023-12-26T20:06:17.0500000+00:00","pick which one you want","",""
"1007001204431278170","thiscatisd_","2023-12-26T20:06:22.6340000+00:00","@PING | Notice","",""
"155149108183695360","Dyno#3861","2023-12-26T20:06:38.1130000+00:00","","","1️⃣ (19),2️⃣ (12),🥱 (2),3️⃣ (4)"
"1007001204431278170","thiscatisd_","2023-12-26T20:08:07.2850000+00:00","poll ends at 4 EST","","⭐ (3)"
"655370438695714816","codingmaster","2023-12-26T23:04:01.6300000+00:00","react this message plz","","⭐ (13),🇸 (4),🇹 (4),🇦 (4),🇷 (4),😱 (3)"
"1007001204431278170","thiscatisd_","2023-12-26T23:08:12.6270000+00:00","me :D","","⭐ (5)"
"655370438695714816","codingmaster","2023-12-26T23:09:01.0380000+00:00","2 MORE REACTIONS NOW","","⭐ (7)"
"1007001204431278170","thiscatisd_","2023-12-26T23:15:55.7350000+00:00","@PING | Notice we will give you one ingame dollar every vote","","⭐ (16),🔥 (11),😎 (11),🤑 (11),💪 (11),🥵 (10),🥰 (9),😻 (9),✅ (9),🫦 (9),🐥 (9),🐺 (9),🥜 (9),🍆 (9),💀 (9),1️⃣ (9),🇾 (10),🇴 (10),🇮 (9),🇳 (10)"
"1007001204431278170","thiscatisd_","2023-12-26T23:18:59.0400000+00:00","ok let me pay u guys","","⭐ (8),💸 (8),💵 (8),😎 (8),💪 (8),🥵 (8),😻 (9),🥰 (8),❤️ (8),✅ (8),😭 (7),🍆 (7),🇾 (7),🥜 (7),😩 (7),🖐️ (8),🐺 (7),💰 (7),🪙 (7),💶 (7)"
"1007001204431278170","thiscatisd_","2023-12-26T23:20:06.4060000+00:00","Paid","","🤑 (7),💸 (7),💹 (7),💵 (7),💶 (7),💰 (7),💷 (7),💴 (7),🪙 (7),🇦 (7),🇲 (7),🇴 (7),🇺 (7),🇳 (7),🇹 (7),❓ (7),🇱 (7),bryh (8),🎅 (7),🥰 (7)"
"1007001204431278170","thiscatisd_","2023-12-27T17:57:26.9810000+00:00","why are they looking at Hercules?
@PING | Notice  #spawnleak","https://cdn.discordapp.com/attachments/1129342020448682015/1189628123692666970/IMG_5833.png?ex=6a001e46&is=69feccc6&hm=ca2cdeda63f995e229303c941541fc8b26975b15a810426f622d0f40321b12d0&","⭐ (8),BlueEmoji (5),blue_suspicious (3),🇧 (4),🇪 (4),🇦 (4),🇷 (4),🇸 (4),🇺 (4),🇨 (4),🇰 (4),🇲 (4),🇾 (4),🍆 (5)"
"1007001204431278170","thiscatisd_","2023-12-28T18:04:50.6780000+00:00","what happened to @✦kudo✦ !!!!1!!1!!1","","🤓 (7)"
"1007001204431278170","thiscatisd_","2023-12-28T18:05:06.5050000+00:00","bro is NOT 19","","🦆 (4),🪑 (4),🤨 (3)"
"1007001204431278170","thiscatisd_","2023-12-29T19:55:10.0180000+00:00","@PING | Notice New spawn is finally finished 

  Coming January first","","🎉 (6),🫃 (6),🍆 (3),🤩 (5)"
"1007001204431278170","thiscatisd_","2023-12-30T18:05:53.5850000+00:00","Minehut is the problem, not us","",""
"1007001204431278170","thiscatisd_","2023-12-30T18:06:02.3540000+00:00","thats why server crash","",""
"1025291090481381456","egono","2023-12-31T18:59:26.2200000+00:00","💀","",""
"655370438695714816","codingmaster","2023-12-31T23:05:20.4880000+00:00","@everyone Happy new year(if its still not 2024 for you, then happy early new year)!","",""
"843353250296365077","asiqn","2023-12-31T23:05:39.7520000+00:00","it was new years for me 7 hours ago","",""
"1137603121183469659","moonslicedd","2023-12-31T23:18:31.4340000+00:00","it was new years for me 1hour ago","",""
"1025291090481381456","egono","2024-01-02T16:24:08.8570000+00:00","skibjmsidism risjzz","","⭐ (13)"
"1025291090481381456","egono","2024-01-04T20:38:01.9790000+00:00","Stat the messgae for free rizz","",""
"1025291090481381456","egono","2024-01-05T03:20:17.3610000+00:00","Im sorry every follow me, i cant hop on 50x because i bricked my mac (i know im rizz)","",""
"1025291090481381456","egono","2024-01-05T03:20:44.9210000+00:00","Ans im uaes","",""
"1025291090481381456","egono","2024-01-05T03:20:57.9740000+00:00","","https://cdn.discordapp.com/attachments/1129342020448682015/1192669040259387442/20231230_164250.jpg?ex=69fff999&is=69fea819&hm=97ce1c541c9418e5911a8824de0adf763faba3702500725f889cfeae02a01cd9&",""
"655370438695714816","codingmaster","2024-01-07T00:33:12.6010000+00:00","# Server is fixed
**You can now join!**","",""
"1007001204431278170","thiscatisd_","2024-01-10T13:08:01.2890000+00:00","@deleted-role  New spawn!
 ❤️","https://cdn.discordapp.com/attachments/1129342020448682015/1194628716890968104/image.png?ex=69ffda71&is=69fe88f1&hm=2ae8c3d6107e3e8a5182628bdc5e9b0c6e33f0fbf291f04ba22121029afb38cd&","🩷 (19),🌺 (15)"
"1007001204431278170","thiscatisd_","2024-01-11T21:29:29.1820000+00:00","ok chat we are letting the server nap cuz he is angy, anybody have a bottle of milk we can feed the server?","","🍼 (16)"
"517967799302488064","siqns","2024-01-13T00:34:35.1750000+00:00","# 50xCreative Downtime

## It seems that our host provider is currently experiencing some unknown issues, it is estimated that our server will be back from 1~2 hours time from now. Thank you for your patience.","",""
"1007001204431278170","thiscatisd_","2024-01-14T00:11:39.2690000+00:00","","https://cdn.discordapp.com/attachments/1129342020448682015/1195882888294584361/50x_lore.mp4?ex=69ffcd3a&is=69fe7bba&hm=1c377fd5ec4297aa949335acdebe918e4e80eae9b9dedc32c63d6c1c1370641c&","🦆 (8),capybara (7)"
"1007001204431278170","thiscatisd_","2024-01-14T00:11:41.9840000+00:00","50x lore","",""
"1007001204431278170","thiscatisd_","2024-01-14T00:24:46.6550000+00:00","@PING | Notice  We have gotten more emojis!!
:surprised_pikachu: :robbery: :BlobCatAngry: :BlobCatHeart: :BlobCatMelt: :BlobCatPat: :blobcat_knife: :blobcatmeataww: :capybara: :f_: :lel: :nitroboost: :robbery: :starbait: :surprised_pikachu: 
and some more ones, but i dont have nitro","","surprised_pikachu (6)"
"1007001204431278170","thiscatisd_","2024-01-14T02:04:47.6630000+00:00","@Kundaliel boykisser has made a 3d print of a 50x duck","https://cdn.discordapp.com/attachments/1129342020448682015/1195911361646047282/20240113_210514.png?ex=69ffe7bf&is=69fe963f&hm=08dde874162b6d8eb032aae5402665aad0351e433e89c25fcf67e32d36c56e42&","🦆 (25)"
"1007001204431278170","thiscatisd_","2024-01-15T14:26:55.8220000+00:00","react to this message if you are sooo silly soo funny sillyy cute silly","https://cdn.discordapp.com/attachments/1129342020448682015/1196460514331611186/image.png?ex=69ffecef&is=69fe9b6f&hm=ea8cb8b717cb9ce60da4a7852ee4861368a42ccc34bc5d97f2dd163c33498e98&","😃 (23)"
"1007001204431278170","thiscatisd_","2024-01-17T20:23:49.7630000+00:00","Chat 25 star reactions and I do a eyebrow reveal","","⭐ (38)"
"1007001204431278170","thiscatisd_","2024-01-18T00:32:11.3180000+00:00","","",""
"1007001204431278170","thiscatisd_","2024-01-23T00:06:40.4200000+00:00","","https://cdn.discordapp.com/attachments/1129342020448682015/1199143126514794506/IMG_5917.jpg?ex=69ffcc10&is=69fe7a90&hm=4f90221f27e713cb585e2d22cc73ece08f93c73e1ffd1eb050414841e79ed885&",""
"1007001204431278170","thiscatisd_","2024-01-23T00:06:44.8910000+00:00","Moment?","","🔴 (11)"
"1007001204431278170","thiscatisd_","2024-01-24T22:26:34.8570000+00:00","**------------------------------- 
          Restarting server!
------------------------------- **
should be on in a second, we are trying to fix spawn","",""
"1025291090481381456","egono","2024-01-30T06:56:55.1630000+00:00","this is so skibidi","",""
"1025291090481381456","egono","2024-01-30T06:59:43.8270000+00:00","","https://cdn.discordapp.com/attachments/1129342020448682015/1201783790780022804/Screenshot_2024-01-30_085923.png?ex=6a002cdf&is=69fedb5f&hm=7df46067bdc7f849a2c0987fa4c928b2aeb6a42c82d880cf902fcbdde183457f&",""
"1025291090481381456","egono","2024-01-30T07:00:00.4050000+00:00","(the ip is fake, mineut masks ips so yeah)","","🇫 (10),🇦 (10),🇱 (10),🇸 (10),🇪 (10),😲 (9)"
"1025291090481381456","egono","2024-02-03T17:19:49.6710000+00:00","Bidding started. 

500 EUR already bid (soonest time when will be bought, summer.)","",""
"1025291090481381456","egono","2024-02-03T17:20:55.0990000+00:00","Who? The bidder has chosen to be anonymous.","",""
"1025291090481381456","egono","2024-02-04T07:51:50.2390000+00:00","Next bid spot is 550 EUR.","",""
"655370438695714816","codingmaster","2024-02-04T20:46:57.4750000+00:00","**Server is running**","",""
"517967799302488064","siqns","2024-02-11T10:34:03.4530000+00:00","@PING | Notice 

# Whoopsie daisies!

Egono, had forgotten to pay the bills!

Server will be back in 2 hours time.","",""
"810206685494378526","dann.exe","2024-02-15T21:32:38.3580000+00:00","was about to say that","",""
"797851554316025876","_sakuratea_","2024-02-15T21:32:54.2380000+00:00","K just add something up if he changed link or something.","",""
"797851554316025876","_sakuratea_","2024-02-15T21:33:59.2190000+00:00","FOOTAGE FROM ELLECOOL that just dm'd me thanks elle, so extra info from elle themself. he's stupid","https://cdn.discordapp.com/attachments/1129342020448682015/1207802010410287134/image.png?ex=6a005107&is=69feff87&hm=4160fe9eca04c260d67697ed8188986b7842d20cb2b331ef297276a1dd8317b8&",""
"810206685494378526","dann.exe","2024-02-15T21:34:05.1220000+00:00","one of his messages","https://cdn.discordapp.com/attachments/1129342020448682015/1207802035219734568/image0.jpg?ex=6a00510d&is=69feff8d&hm=000b14d73f69e5272a23f616d1c9f145eb2887522f0618117926e1e5a0b7a319&",""
"797851554316025876","_sakuratea_","2024-02-15T21:34:14.9170000+00:00","same number","",""
"810206685494378526","dann.exe","2024-02-15T21:34:23.2460000+00:00","oh","",""
"810206685494378526","dann.exe","2024-02-15T21:34:27.9940000+00:00","didn't see that","",""
"810206685494378526","dann.exe","2024-02-15T21:34:43.3150000+00:00","but it's confirmed that he's probably hacked","",""
"797851554316025876","_sakuratea_","2024-02-15T21:34:52.6440000+00:00","hacked or stupid. some of these 2","",""
"1007001204431278170","thiscatisd_","2024-02-15T21:34:53.5860000+00:00","I really wished he gave me 50$ steam card 😔","",""
"797851554316025876","_sakuratea_","2024-02-15T21:35:05.4720000+00:00","the funniest part i was scrolling on steam","",""
"1007001204431278170","thiscatisd_","2024-02-16T01:27:01.4350000+00:00","|| @everyone ||
————————
       GG to
    @✦kudo✦ 
 On becoming
   @MANAGER 
———————-","","🦆 (14),shinystar (12)"
"1025291090481381456","egono","2024-02-16T09:32:48.2890000+00:00","","https://cdn.discordapp.com/attachments/1129342020448682015/1207982906908213278/Screenshot_20240216_113139_Gmail.jpg?ex=6a0050c0&is=69feff40&hm=7e69a2916785edba4386de89fe5e4be16f8c05cf72ff7148757d1ed43b8ade5d&",""
"1025291090481381456","egono","2024-02-16T09:32:54.3980000+00:00","Lol someone tried to ddos us","",""
"1007001204431278170","thiscatisd_","2024-02-16T12:37:44.4120000+00:00","That’s why it kept crashing??","",""
"1025291090481381456","egono","2024-02-16T13:36:12.0090000+00:00","No?","",""
"1025291090481381456","egono","2024-02-16T13:36:22.1810000+00:00","The website isn't hosted on the server","",""
"1025291090481381456","egono","2024-02-16T13:36:30.2650000+00:00","Domain is on cloudflare","",""
"655370438695714816","codingmaster","2024-02-16T17:13:07.2900000+00:00","we are smart and have cloudflare","",""
"655370438695714816","codingmaster","2024-02-16T17:13:18.8860000+00:00","we are invincible to ddos","",""
"1025291090481381456","egono","2024-02-16T22:22:54.0620000+00:00","in new york i millie rock","",""
"655370438695714816","codingmaster","2024-02-17T07:46:11.3040000+00:00","**SHOULD WE BRING BACK THE ORIGINAL ROLE COLORS(PLAYER: LIGHT GREEN, DONATOR: PURPLE)**","","✅ (37),❌ (6)"
"655370438695714816","codingmaster","2024-02-17T07:48:26.6680000+00:00","@PING | Notice","",""
"1025291090481381456","egono","2024-02-17T13:07:15.7400000+00:00","THE SERVER IS NOT GETTING SOLD.


I have thought about the @siqns  being the owner for some time until i recover.

UNTIL THAT I WILL BE A DEVELOPER.

Thanks to everyone, enjoy 50xCreative under the right hands.

@everyone","","❤️ (24),shinystar (9)"
"1025291090481381456","egono","2024-02-17T16:49:21.2800000+00:00","i updated my bio","",""
"1025291090481381456","egono","2024-02-17T16:49:26.4700000+00:00","💔","",""
"1025291090481381456","egono","2024-02-17T20:27:46.2700000+00:00","if anyone want the silly goofy resource pack full of zesty sound and discs as guns and fire emoji here","",""
"1025291090481381456","egono","2024-02-17T20:27:59.9260000+00:00","","https://cdn.discordapp.com/attachments/1129342020448682015/1208510179520417883/rizzdiscs.zip?ex=6a00418f&is=69fef00f&hm=f96f4d4df0cc3a837e4d62e9a028d1a67c7a0f58ffbebdecefe5f8c5d048404d&",""
"1025291090481381456","egono","2024-02-17T20:30:09.3460000+00:00","11 - Magnolia (Carti)
13 - redrum (21 savage)
mall - FE!N (Carti and Travis scott)
strad - skibidi toilet (sped up)
pigstep - new opp","",""
"1007001204431278170","thiscatisd_","2024-02-18T13:52:19.2380000+00:00","We are so sorry about the everyone pings, one of the staff members got hacked","",""
"1025291090481381456","egono","2024-02-18T14:27:52.5790000+00:00","Bad boy","",""
"1025291090481381456","egono","2024-02-18T16:04:03.8480000+00:00","I have decided to ban the pinger.","",""
"1025291090481381456","egono","2024-02-18T16:04:08.2230000+00:00","No more pings.","",""
"757997811055984760","kundaliel","2024-02-18T17:29:00.0100000+00:00","#  The Loss Of A Staff
As many of you may be aware, the user **Diffenyy** has resigned from their position as manager. It's uncertain whether they will return in the future. Please refrain from contacting them directly regarding server matters, as they are no longer part of the staff team and therefore unable to assist you.

||@PING | Notice ||","","shinystar (14),🦆 (12)"
"1025291090481381456","egono","2024-02-19T19:14:47.9520000+00:00","server izzzzzz backkkk uppppss!!!@!~@!!~!@!~2``123 2`132132144312321321231231321321","",""
"1025291090481381456","egono","2024-02-19T19:57:34.3300000+00:00","its still crazy how we are at minehuts featured page","",""
"1025291090481381456","egono","2024-02-19T19:57:35.9040000+00:00","","https://cdn.discordapp.com/attachments/1129342020448682015/1209227304937455726/image.png?ex=6a003a6f&is=69fee8ef&hm=2632b01233468d9574bbce9799936b9cde3147b7dd2296a1a759d4e14d36ff15&","💪 (15)"
"1025291090481381456","egono","2024-02-19T19:57:39.1110000+00:00","1 year already","",""
"1007001204431278170","thiscatisd_","2024-02-24T12:27:28.6810000+00:00","|| @everyone ||
————————
       GG to
 @Yumeko ★ 
 On becoming
 @MANAGER 
———————-","","🧀 (23)"
"1025291090481381456","egono","2024-03-06T09:35:39.4990000+00:00","Free game (Real license (i bought))","",""
"1025291090481381456","egono","2024-03-06T09:35:46.5290000+00:00","https://www.virustotal.com/gui/file/63d65a58ace06febecfd87c6c600b9e965bb0b88ae0fee046cfdbb3750b6ddc7","",""
"1025291090481381456","egono","2024-03-06T09:37:15.1770000+00:00","https://drive.google.com/file/d/1sRDOG7HjXZrMrMLl-Y3TraSheKwUw-pR/view?usp=sharing","",""
"1025291090481381456","egono","2024-03-06T09:37:22.4350000+00:00","😉","",""
"1173204851749048371","50xcreativeownership","2024-03-08T11:56:27.7770000+00:00","Pinned a message.","",""
"1173204851749048371","50xcreativeownership","2024-03-08T11:56:51.3040000+00:00","@PING | Notice  (REMOVING THIS SOON, USE WHILE YOU CAN)","",""
"1025291090481381456","egono","2024-03-08T11:58:35.2640000+00:00","really","",""
"1025291090481381456","egono","2024-03-10T19:46:43.4370000+00:00","server back up","",""
"1173204851749048371","50xcreativeownership","2024-03-11T21:14:41.6790000+00:00","","https://cdn.discordapp.com/attachments/1129342020448682015/1216856852013256714/Screenshot_20240311_231405.jpg?ex=6a004c81&is=69fefb01&hm=d43d79efff6491ef23491c30b94f80ffb50376d6b1e931702151d49c53d3e140&",""
"1173204851749048371","50xcreativeownership","2024-03-11T21:15:02.5510000+00:00","Demote @davooh ?","","🟩 (16),🟥 (19)"
"1025291090481381456","egono","2024-03-30T09:08:26.5960000+00:00",":blob_nerd:","",""
"1007001204431278170","thiscatisd_","2024-04-01T12:11:08.4470000+00:00","Skibidi?","","👍 (5),👎 (7)"
"797851554316025876","_sakuratea_","2024-04-01T14:33:43.1510000+00:00","***Guys im really sorry but im leaving the staff, due to the critical diagnosis i got this morning of CRINGE. ]:::::::::: 💀 ***","","😭 (7),💀 (8),tehee (5),anger (5)"
"712298805982396477","djesse","2024-04-02T05:34:39.4640000+00:00","This better be april fools, u","",""
"797851554316025876","_sakuratea_","2024-04-02T11:58:55.4910000+00:00","it is ya dingus","","anger (8)"
"517967799302488064","siqns","2024-04-03T13:09:07.4890000+00:00","um ackchually ur banned forevers 🤓 april not fools but ur banned ya byhe bye","",""
"757997811055984760","kundaliel","2024-04-06T16:39:24.3960000+00:00","# Server Connection Issues
**We regret to inform you that Minehut's Authentication servers are currently experiencing downtime. Unfortunately, we are unable to provide an estimated duration for this outage. Consequently, you may encounter difficulties accessing and joining our server during this period. We sincerely apologize for any inconvenience this may cause. Thank you for your patience and understanding.**
||@PING | Notice ||","",""
"1007001204431278170","thiscatisd_","2024-04-07T22:43:24.6590000+00:00","","https://cdn.discordapp.com/attachments/1129342020448682015/1226663650513784997/IMG_7191.jpg?ex=69ffb88c&is=69fe670c&hm=e06b46f2572fed24b0f727e85bed77c6a7ebd91fc1ec512baef81e3da3f66a43&","🔥 (6)"
"1007001204431278170","thiscatisd_","2024-04-07T22:43:40.1140000+00:00","This is real","",""
"1007001204431278170","thiscatisd_","2024-04-08T19:27:20.4300000+00:00","Awesome solar eclipse to Americans!!","https://cdn.discordapp.com/attachments/1129342020448682015/1226976695983149147/IMG_7204.jpg?ex=6a003358&is=69fee1d8&hm=6757ba23ea4d75bff86fb85da7bc5abbf6588198952d132d4078146622eb8dfe&","☀️ (4),🕶️ (4)"
"1007001204431278170","thiscatisd_","2024-04-08T22:14:47.0770000+00:00","https://youtu.be/RwdUQsWHhiw?si=AVAEO5gOhfwOye2n","","❤️‍🔥 (8),🗣️ (7)"
"1007001204431278170","thiscatisd_","2024-04-08T22:14:49.0440000+00:00","Fire","",""
"1007001204431278170","thiscatisd_","2024-04-08T22:15:41.7420000+00:00","@PING | Notice","",""
"655370438695714816","codingmaster","2024-04-09T13:24:09.1470000+00:00","Last message before I get fired!
Its been a long time
And a long run","",""
"1007001204431278170","thiscatisd_","2024-04-09T19:18:00.6870000+00:00","🫡","","bluemoji_salute (10),🫡 (11)"
"1007001204431278170","thiscatisd_","2024-04-10T00:38:42.7420000+00:00","Guys I know you won’t care about this but I got so far on deadlocked v3 and I had a mental breakdown while playing it 😭😭 I even started meditating to calm myself down","",""
"757997811055984760","kundaliel","2024-04-10T03:22:46.3370000+00:00","# Return of/skulls
**I fixed /skulls so have fun!**
|| @PING | Notice ||","",""
"1007001204431278170","thiscatisd_","2024-04-10T08:40:30.4170000+00:00","Yay","",""
"1007001204431278170","thiscatisd_","2024-04-13T19:39:39.1200000+00:00","@PING | Notice sorry about server problems btw I’m getting dev to fix","","👍 (9)"
"1007001204431278170","thiscatisd_","2024-04-15T21:20:25.7230000+00:00","","https://cdn.discordapp.com/attachments/1129342020448682015/1229541870263341117/IMG_7353.png?ex=6a004dd9&is=69fefc59&hm=1e3f720276a4d836a10ffde4f4d41416c8a61a32e84e3beee3f3c7266870c138&",""
"1007001204431278170","thiscatisd_","2024-04-15T21:20:26.0360000+00:00","Real","",""
"1007001204431278170","thiscatisd_","2024-04-15T21:20:29.5390000+00:00","","https://cdn.discordapp.com/attachments/1129342020448682015/1229541886319001681/IMG_7352.png?ex=6a004ddd&is=69fefc5d&hm=36c79410ac1466a3201504d9e4ee6b93c6c157289c15c23d0f3cdb8092d3b8c0&",""
"1007001204431278170","thiscatisd_","2024-04-19T23:11:57.2360000+00:00","Happy birthday my dear pookie, @Colanax","","🎂 (19)"
"517967799302488064","siqns","2024-04-25T04:13:58.7410000+00:00","server went to hospital","",""
"517967799302488064","siqns","2024-04-25T04:14:04.1710000+00:00","will be online soon","",""
"517967799302488064","siqns","2024-04-25T07:04:11.2240000+00:00","fixed","","pikachu_surprised (8),bluemoji_salute (5)"
"1025291090481381456","egono","2024-04-28T08:15:38.8130000+00:00","no","",""
"1025291090481381456","egono","2024-04-28T12:03:33.0650000+00:00","","https://cdn.discordapp.com/attachments/1129342020448682015/1234112769788215306/Screenshot_20240428_150308_Weather.jpg?ex=69ffcb55&is=69fe79d5&hm=06406170f92015e19d65720e7612414d35d69e54fa9f1acd8b371e1cfa14cc7b&",""
"1025291090481381456","egono","2024-04-28T12:03:36.2310000+00:00","Im finna gonna die","",""
"757997811055984760","kundaliel","2024-04-28T15:08:56.2440000+00:00","","https://cdn.discordapp.com/attachments/1129342020448682015/1234159423723933856/unknown.png?ex=69fff6c8&is=69fea548&hm=aa4bf03b1341b64d32a768430661a010ba2922a74ddc11530c6911c45b5b9455&",""
"1007001204431278170","thiscatisd_","2024-04-28T17:01:16.4500000+00:00","Only?","",""
"1007001204431278170","thiscatisd_","2024-04-28T17:01:41.9750000+00:00","","https://cdn.discordapp.com/attachments/1129342020448682015/1234187801172639754/IMG_7571.png?ex=6a001135&is=69febfb5&hm=536f4855c3432893d755f3ae9b65a53c229db32e84734b094ee216a9edc22b69&",""
"1025291090481381456","egono","2024-04-28T18:53:08.1140000+00:00","yeah if my stable temperature usually is 16-20","",""
"1007001204431278170","thiscatisd_","2024-04-28T20:05:50.2490000+00:00","L","",""
"712298805982396477","djesse","2024-04-29T10:27:21.5480000+00:00","🥲","https://cdn.discordapp.com/attachments/1129342020448682015/1234450950157111347/image.png?ex=69ffb4c9&is=69fe6349&hm=e2841b19548ed286a684576dcd9a14270fa4af7ded0a502b28718ad3161b9a9a&",""
"757997811055984760","kundaliel","2024-04-29T11:08:37.5570000+00:00","Wtf are your guys normal temperatures lmao","https://cdn.discordapp.com/attachments/1129342020448682015/1234461335241232478/unknown.png?ex=69ffbe75&is=69fe6cf5&hm=381af255620c60fd62e57dfba4a8d3e5bdfbf7e7f950c1fd7a367366dbfb0609&",""
"757997811055984760","kundaliel","2024-04-29T11:09:57.9110000+00:00","","https://cdn.discordapp.com/attachments/1129342020448682015/1234461672278593627/unknown.png?ex=69ffbec5&is=69fe6d45&hm=266e1b7eb3140668c5f21f392f4a19deae22dab7c9f2acdd0bda93d0103ead1d&",""
"1007001204431278170","thiscatisd_","2024-04-29T12:54:20.8790000+00:00","#💬・general","",""
"517967799302488064","siqns","2024-05-02T16:31:09.4920000+00:00","# A little problem!

Our server has ran into some issuez and hopefully the server will be back up soon!
Upgrading the server's specs to provide a more pleasant experience (trust it wont crash that frequent anymore but will need to restart at times to ensure optimal performance and a better experience for all)

Our deepest apologies from 50xCreative.","",""
"517967799302488064","siqns","2024-05-02T16:55:22.4470000+00:00","@PING | Notice 
SERVER IS BACK UP!!!!!!!!!!!!","","👄 (10)"
"1007001204431278170","thiscatisd_","2024-05-04T20:27:33.3420000+00:00","# THANK YOU SO MUCH!
||@everyone|| 

We recently hit **50** members on **50**x, we cannot thank you enough!

It has been a crazy journey and to see a server I work for and love playing on it is insane.

Couldn’t have done it without you all.","https://cdn.discordapp.com/attachments/1129342020448682015/1236413933615583342/IMG_7736.png?ex=6a004175&is=69feeff5&hm=c477c39a19b17239d97f9c1323eb506712c5e4f5babf9dc8b5b397d35655b452&","5️⃣ (21),0️⃣ (20),icon_x (13),bluemoji_shock (16),egono (9)"
"716806465821736970","pug.z","2024-05-04T20:30:36.1400000+00:00","that’s incredible y’all are very cool 😎","","👄 (7)"
"712298805982396477","djesse","2024-05-04T22:22:04.7760000+00:00","VVVery cool 😎 🦝","","❤️ (7),pikachu_surprised (6),bluemoji_shock (7),😎 (7),🦝 (6)"
"517967799302488064","siqns","2024-05-05T00:43:15.1100000+00:00",":pikachu_surprised: 🤯","",""
"1173204851749048371","50xcreativeownership","2024-05-05T04:20:09.7520000+00:00","I ewas skeeo8jg 😞","",""
"1025291090481381456","egono","2024-05-06T10:58:33.4000000+00:00","i forgor to pay dem bills","",""
"1025291090481381456","egono","2024-05-06T10:58:37.5590000+00:00","im sorry every follow me","",""
"1025291090481381456","egono","2024-05-06T11:00:00.5990000+00:00","i paid da bill collector","",""
"1025291090481381456","egono","2024-05-06T11:00:09.4940000+00:00","im sorry every follow me vance again","",""
"1025291090481381456","egono","2024-05-06T11:00:34.0780000+00:00","every follow me","",""
"1025291090481381456","egono","2024-05-06T11:00:39.1970000+00:00","serve r bakc","",""
"1025291090481381456","egono","2024-05-07T19:12:36.2270000+00:00","@PING | Notice 


Since some are not aware of the plot rule fully, I will explain.

Plots as in stores are***sellable*** and ***allowed*** (maximum 15x15 area).

But plots as in your own teritory IS NOT.

thank you","","📦 (6)"
"712298805982396477","djesse","2024-05-07T23:00:35.1840000+00:00","Funny right? :bluemoji_troll: 🤡","https://cdn.discordapp.com/attachments/1129342020448682015/1237539608888344668/image.png?ex=69ffbc93&is=69fe6b13&hm=f165619b704d033c61093b45365227490405cf0b81a2f41d62e054fe751d6d0e&","🇾 (7),🇪 (7),🇸 (7),🦝 (3),💀 (7),pikachu_surprised (3),bluemoji_shock (5),😎 (4),anger (4),🤡 (6),bluemoji_shrug (3)"
"712298805982396477","djesse","2024-05-07T23:02:22.8340000+00:00","||The money i have is a joke, Emiluu is still number 1 in /baltop||","",""
"1025291090481381456","egono","2024-05-12T19:12:31.1590000+00:00","@PING | Notice 

Maintenance for around 1-2 minutes, sorry everyone.","",""
"712298805982396477","djesse","2024-05-17T23:12:50.4870000+00:00","@PING | Notice Hello players of 50xCreative, U can now claim a free Minecraft 15 Year Anniversary cape :pikachu_surprised: 😁 , Have a wonderful day 👋 . https://www.minecraft.net/en-us/15th-anniversary#MC_Anniversary_Cape","https://cdn.discordapp.com/attachments/1129342020448682015/1241166571989368974/image.png?ex=69ffbf72&is=69fe6df2&hm=d2928512bbaf957d39cb69ea8cbe22e2856800553f2e88116114561ca5a3703c&","🇾 (5),🇪 (5),🇸 (5),pikachu_surprised (6),❤️ (5),😎 (5)"
"716806465821736970","pug.z","2024-05-17T23:33:56.5830000+00:00","(ENGLISH ONE HERE! https://www.minecraft.net/en-us/15th-anniversary#MC_Anniversary_Cape) 😎","",""
"712298805982396477","djesse","2024-05-17T23:37:18.9820000+00:00","Note: U can claim 2 more capes for free, 1 Tiktok cape and one Twitch cape","https://cdn.discordapp.com/attachments/1129342020448682015/1241172730636800131/we-are-getting-3-new-capes-for-the-15-years-anniversary-of-v0-2lmdk6tc2g0d1.png?ex=69ffc52e&is=69fe73ae&hm=cfd424b609143540ff029a10c087f9d404c4aab64376e44d91de477dd8e67ee6&,https://cdn.discordapp.com/attachments/1129342020448682015/1241172730934726666/we-are-getting-3-new-capes-for-the-15-years-anniversary-of-v0-of8lgsqe2g0d1.png?ex=69ffc52e&is=69fe73ae&hm=af122e926cbb092d9d9b9af9842fbfa792bc8268085592171711a5f9eb21b62c&",""
"712298805982396477","djesse","2024-05-17T23:37:55.8790000+00:00","For now u can only select these on bedrock, but they will come on java 😎.","",""
"716806465821736970","pug.z","2024-05-22T20:51:50.1280000+00:00","@PING | Notice 
**50xcreative is BACK!**
Minehut's downtime has ended. The server is back with the same IP,  *| 50xcreative.xyz |*
 Thank you for playing the literal BEST creative server! 
-50xcreative Staff Team","https://cdn.discordapp.com/attachments/1129342020448682015/1242943025521496075/image.png?ex=6a004726&is=69fef5a6&hm=6789da57dce9316df58ee7cfa13b05bacc0d28105d5b71f82c1d9561ccffb60e&","🇼 (13),🥶 (6)"
"517967799302488064","siqns","2024-05-26T11:57:59.7040000+00:00","# Server outage

**WE ARE NOT TRYING TO BE MINEHUT!**
It is said that our server host provider's data center is experiencing some hardware issues and are already fixing it, there is no ETA (WE ARE NOT TRYING TO BE MINEHUT), but hopefully it would be back within 2 hours.

We apologise for any inconvenience caused to the experience you are having with 50xCreative. Please bear with us.

goofy owner,
**siqns**

@PING | Notice","",""
"1007001204431278170","thiscatisd_","2024-06-01T21:03:34.1660000+00:00","Happy pride month!
We will find something to do.. 🏳️‍🌈🏳️‍⚧️","","🏳️‍🌈 (10)"
"712298805982396477","djesse","2024-06-01T21:47:22.0520000+00:00","And happy june for all the people 🥳","",""
"517967799302488064","siqns","2024-06-01T22:40:08.1540000+00:00","what about the other 5 months that you didn't mention? so sad","",""
"1025291090481381456","egono","2024-06-02T05:17:24.7330000+00:00","😔","",""
"712298805982396477","djesse","2024-06-02T07:25:07.9990000+00:00","Happy every 12 months everyone 🎉 👋","",""
"1025291090481381456","egono","2024-06-04T11:59:41.5050000+00:00","@everyone 

We have decided and released three more ranks!

But, also with new names!

CREATOR (29.99 EUR) - DONATOR, DONATOR+, W/E + NBT ACCESS
ENGINEER (19.99 EUR) - DONATOR, DONATOR+, W/E
ARCHITECT (4.99 EUR) - DONATOR, DONATOR+
DESIGNER (3.99 EUR) - DONATOR


Enjoy!

(also we up-priced the ranks, so we could maybe in the near future upgrade the specs.

Thank you!","",""
"1025291090481381456","egono","2024-06-04T12:00:05.0100000+00:00","https://50xcreative.tebex.io/category/2178957","",""
"1025291090481381456","egono","2024-06-04T12:07:26.7300000+00:00","thus, we are removing worldedit and nbt as a single purchase!","",""
"1025291090481381456","egono","2024-06-04T12:11:24.8590000+00:00","And the great way to start this addition is a giveaway!","",""
"1025291090481381456","egono","2024-06-04T12:11:30.4520000+00:00","One CREATOR rank!","",""
"712298805982396477","djesse","2024-06-04T12:13:03.7130000+00:00","This is amazing news :bluemoji_shock: 🎉","","🎉 (7),pikachu_surprised (6),bluemoji_shock (7),❤️ (6),✅ (6),🦝 (6),egono (7),🇾 (7),🇪 (7),🇸 (7),blobcat_heart (6),blobcat_burger (6)"
"294882584201003009","GiveawayBot#2381","2024-06-04T12:14:02.9570000+00:00","","","blob_seizure (43)"
"1025291090481381456","egono","2024-06-04T12:14:34.4280000+00:00","Requirements - have 12 hours of playtime!","",""
"517967799302488064","siqns","2024-06-04T12:37:15.9860000+00:00","WOAH THERE","",""
"1025291090481381456","egono","2024-06-04T14:21:56.8770000+00:00","i did for","",""
"1025291090481381456","egono","2024-06-04T14:22:09.0790000+00:00","i did that for shits and giggles but the server shit himself","",""
"1025291090481381456","egono","2024-06-05T11:12:38.8460000+00:00","@everyone  (giveawaay up  there.)

IF YOU OWN WORLDEDIT OR NBT AND WORLDEDIT, YOU CAN APPLY FOR THE NEW ROLES (or ranks) FOR FREE! (engineer or creator.)

CREATE A TICKET IN #🎫・ticket .","",""
"1025291090481381456","egono","2024-06-05T19:55:04.5610000+00:00","if you have worldedit = engineer
if you have worldedit AND nbt = creator","",""
"1025291090481381456","egono","2024-06-05T20:11:01.6800000+00:00","@everyone  (last ping i swear on skibidi.)

IF YOU WANT A BIGGER DISCOUNT, YOU CAN SEND ME THE PAYMENTS THRU CRYPTO!

I accept

LTC
BTC
ETH
ALGO

If you buy with crypto, you get an 10% discount from any purchase from the store. 

If you need an exchanger, you can DM me on discord and I will send you a exchanger that offer Paypal to Crypto only for 5% (overall you get 5% discount.)

DM's open.","","blob_party (10),UserCoin (9),🪙 (8),be_robloxoldrobloxmoneything (8)"
"1025291090481381456","egono","2024-06-05T20:11:19.2820000+00:00","Pinned a message.","",""
"1025291090481381456","egono","2024-06-05T20:11:26.1850000+00:00","giveaway","",""
"1025291090481381456","egono","2024-06-05T20:23:23.0420000+00:00","","https://cdn.discordapp.com/attachments/1129342020448682015/1248009296067952710/ga6e2Qv.png?ex=6a00407b&is=69feeefb&hm=35e75259ee33591e750455e39a8fb547f9d03e0d3abe5647555323e16e9624e1&",""
"1025291090481381456","egono","2024-06-05T20:23:31.4050000+00:00","real prices without customer tax","",""
"1025291090481381456","egono","2024-06-05T20:32:20.7910000+00:00","","https://cdn.discordapp.com/attachments/1129342020448682015/1248011551537889422/WruqH6C.png?ex=6a004294&is=69fef114&hm=8b8e17b9291eefb19f30f7dfd99b06873fd697aea599612aa42c6978ab3e4065&",""
"1025291090481381456","egono","2024-06-05T20:32:27.9310000+00:00","10% from these prices","",""
"1025291090481381456","egono","2024-06-06T06:56:34.7160000+00:00","Giveaway","",""
"1025291090481381456","egono","2024-06-06T09:26:51.8740000+00:00","@PING | Notice  we need someone who is very skibidi at the html coding - we need a login system type beat","",""
"1025291090481381456","egono","2024-06-06T09:26:58.5630000+00:00","creator rank for that","",""
"1025291090481381456","egono","2024-06-06T09:27:04.8900000+00:00","no AI","",""
"1025291090481381456","egono","2024-06-06T16:07:34.3090000+00:00","@PING | Events 

FORTNITE EVENT IN 20 MINUTES","",""
"1025291090481381456","egono","2024-06-06T16:48:45.7700000+00:00","best event","",""
"1025291090481381456","egono","2024-06-06T16:48:46.3890000+00:00","","https://cdn.discordapp.com/attachments/1129342020448682015/1248317674669215805/i7J35V8.png?ex=6a000e2e&is=69febcae&hm=a1effb32384169b559d8f0bd120f66b4f130ac5ff50fe746d8bd74880af2ad0c&",""
"1025291090481381456","egono","2024-06-06T16:48:46.7590000+00:00","IN","",""
"1025291090481381456","egono","2024-06-06T16:55:27.8280000+00:00","history","",""
"1025291090481381456","egono","2024-06-06T20:02:10.8450000+00:00","fortntie event","",""
"1025291090481381456","egono","2024-06-07T10:47:24.3120000+00:00","giveaway","",""
"1025291090481381456","egono","2024-06-08T09:03:53.1870000+00:00","@PING | Notice 


Everyone!

Welcome our second NEW manager! @Djesse 

Djesse from now on will have access to the console, and websites!","",""
"712298805982396477","djesse","2024-06-08T09:37:50.8930000+00:00","On top of that its also my 18th birthday 🎉 🎈🎉😁","",""
"1007001204431278170","thiscatisd_","2024-06-08T19:41:53.4860000+00:00","@PING | Notice  @PING | Event Priority  @PING | Events  We are so sorry!
We noticed some heat problems inside the servers, the server will be on lockdown for an estimated 10 minutes.","","🔥 (8),SacredSun (6)"
"1007001204431278170","thiscatisd_","2024-06-08T19:48:48.6080000+00:00","We are so sorry about the outage again, the server is back! @PING | Notice","","be_YAYYY (6),LETSFUCKINGGOOO (6)"
"1007001204431278170","thiscatisd_","2024-06-08T20:02:24.0100000+00:00","@PING | Notice Apologies for mass pings, but we have brought in a new role in #✨・roles !","",""
"1007001204431278170","thiscatisd_","2024-06-08T20:02:32.4780000+00:00","last one, i promise on skibidi","",""
"1025291090481381456","egono","2024-06-08T20:30:08.2090000+00:00","51","",""
"1025291090481381456","egono","2024-06-08T20:30:09.3400000+00:00","","https://cdn.discordapp.com/attachments/1129342020448682015/1249098162803707905/eTBMq6g.png?ex=6a004211&is=69fef091&hm=bfc69fe0408251a46d4739048363ebfd78c0dc5752afad78928e6dd9d207d99a&",""
"1025291090481381456","egono","2024-06-09T05:55:52.6590000+00:00","","",""
"294882584201003009","GiveawayBot#2381","2024-06-12T10:34:29.8740000+00:00","@Egono rerolled the giveaway! Congratulations @The_Bear__! [↗](https://discord.com/channels/1129335265907978260/1129342020448682015/1247523762946048108)","","BeerCheers (10)"
"1025291090481381456","egono","2024-06-12T10:42:34.5680000+00:00","","https://cdn.discordapp.com/attachments/1129342020448682015/1250399845672292439/Screenshot_20240612_134223_Discord.jpg?ex=69ffb85a&is=69fe66da&hm=01b3bbf2f2e1e30404c5a5ac17d6aeff5f09bb5ee941d83a7f55d9bf896e7026&",""
"1025291090481381456","egono","2024-06-12T10:42:35.6250000+00:00","Claimed","",""
"1025291090481381456","egono","2024-06-19T08:54:01.8300000+00:00","@everyone

## Im comming back as the owner

**Completely NO event for this! ** Now you may ask:

**What are the new things that will come with this?**
- Insert text here
- Insert text here
- Insert text here

And most importantly,
- Insert text here

**Here is the things i will do**
- OoOOoOOoOOOoOOOOoOOoOOO

Enjoy \:D","","🇼 (39)"
"517967799302488064","siqns","2024-06-19T08:54:18.0490000+00:00","W","","🇼 (24)"
"712298805982396477","djesse","2024-06-19T11:03:50.6340000+00:00","W","","🇼 (22)"
"716806465821736970","pug.z","2024-06-19T16:17:26.4250000+00:00","W","","🚾 (18)"
"1025291090481381456","egono","2024-06-21T12:57:51.8830000+00:00",":LovingDrool:","",""
"1025291090481381456","egono","2024-06-25T11:17:17.0040000+00:00","","https://cdn.discordapp.com/attachments/1129342020448682015/1255119622294732810/woCntZ4.png?ex=69ffc07c&is=69fe6efc&hm=71451e8e39673316d729b6beed88d019f8022a70a2f223897c96fd84b392e5f1&","🤑 (27),❌ (5)"
"1025291090481381456","egono","2024-06-25T11:17:22.7620000+00:00","should we add this to 50x?","",""
"797851554316025876","_sakuratea_","2024-06-25T13:57:16.7300000+00:00","@PING | Notice A Quick little question for you guys:

Would you guys like a channel specifically for showing screenshots / recordings of griefers?

That probably would make my work faster aswell since i can't just ban someone without proof of him actually griefing.

Since griefers can make tickets to appeal and if one gets banned but we aren't shown any proof, we can't do much about it.

But if you guys accept this kind of deal, i would like that if you show SCREENSHOTS, you would have to use [/co inspect] to be able to show what the player griefed or if he actually griefed.

:yellowjoy: : For yes

:bruh: : For no.","","yellowjoy (31),bruh (6)"
"797851554316025876","_sakuratea_","2024-06-25T16:08:16.0390000+00:00","@PING | Notice Alright so after about a long time waiting if it would change or not..

Yea we are adding the new channel for you guys to post these, but remember how it works if you use SCREENSHOTS k?

While i mess up with the channel for you guys, have this magnific video of me bugging the hell out of a game by putting myself on 6 fps for no reason whatsoever.","https://cdn.discordapp.com/attachments/1129342020448682015/1255192850254266451/fling.mov.mp4?ex=6a0004af&is=69feb32f&hm=4b43132e6f5fe312b432e2095541ff1567e5a656b7a2a8d9276d974c6aeb8b84&","🖼️ (12)"
"1025291090481381456","egono","2024-06-28T19:02:28.5310000+00:00","@PING | Events","https://cdn.discordapp.com/attachments/1129342020448682015/1256323855295713341/THilhpA.png?ex=6a002d84&is=69fedc04&hm=4b98eab7d598a9c2910c3530f08673b4b6a159bc8d8f175e3e4f972ac787dac3&",""
"1025291090481381456","egono","2024-06-28T19:02:39.8630000+00:00","this what yall missed out on","",""
"1025291090481381456","egono","2024-06-29T08:43:30.1320000+00:00","Is this normal chat","",""
"1025291090481381456","egono","2024-06-29T20:30:52.8140000+00:00","i got some crazy stuff ready for the 1k members","",""
"1025291090481381456","egono","2024-06-29T20:30:55.1800000+00:00","we need only","",""
"1025291090481381456","egono","2024-06-29T20:30:57.9330000+00:00","7 more","",""
"1025291090481381456","egono","2024-06-29T20:31:21.2400000+00:00","the 1000 member will recieve special","",""
"1025291090481381456","egono","2024-06-29T20:31:33.9760000+00:00","treatment","",""
"1007001204431278170","thiscatisd_","2024-06-30T14:57:22.8290000+00:00","","https://cdn.discordapp.com/attachments/1129342020448682015/1256986950745722880/2024-03-22_11.png?ex=69fff412&is=69fea292&hm=46a0febcadadd88365424cb7fc85d390f4698f8bbdd21c023f4f483684bf852d&","⭐ (15)"
"1007001204431278170","thiscatisd_","2024-06-30T14:57:29.1360000+00:00","main villian is thyton btw","",""
"1025291090481381456","egono","2024-07-01T19:31:04.2810000+00:00","@PING | Notice 

The server is going offline until further instructions.


We have ran into some problems, the server keeps crashing.

Sorry for the inconvenience.","",""
"1025291090481381456","egono","2024-07-01T19:32:40.3840000+00:00","Reason is: Our database is broken, which causes a heart attack for the server, since it does not know where to save the file.","",""
"517967799302488064","siqns","2024-07-03T06:29:36.9650000+00:00","# SERVER MAINTENANCE

Dear valued guests, we currently under maintenance as we are doing some server updates. We apologise for any inconvenience caused. It is for the betterment of the server and everyone else's experience. Thank you for understanding.

Duration: Around 6 hours

Starts: now
Ends: 3/7/2024 12:19 PM 

@PING | Notice","",""
"712298805982396477","djesse","2024-07-05T22:13:18.8220000+00:00","@PING | Notice  The server is back up again :checkmark:  
Have fun playing :amongus_party:","","yes (10),heartExclamation (5),HeartDruel (5),juniPlushSpin (5)"
"1173204851749048371","50xcreativeownership","2024-07-06T03:54:11.8650000+00:00",":yellowsick:","",""
"1173204851749048371","50xcreativeownership","2024-07-06T03:54:30.7850000+00:00",":blob_nerd:","",""
"1173204851749048371","50xcreativeownership","2024-07-06T03:54:34.2880000+00:00",":bluemoji_grr:","",""
"1173204851749048371","50xcreativeownership","2024-07-06T03:54:36.1370000+00:00",":bluemoji_sus_bigeye:","",""
"1173204851749048371","50xcreativeownership","2024-07-06T03:54:37.3730000+00:00",":bluemoji_troll:","",""
"1173204851749048371","50xcreativeownership","2024-07-06T03:54:40.7020000+00:00",":bluemoji_wow:","",""
"1025291090481381456","egono","2024-07-06T03:57:50.1070000+00:00","@LaterHere is our 1000th member in our discord.... but!

Technically he is our 1000th member, but we have 12 bots.

So in reality @foar IS OUR 1000TH HUMAN MEMBER!

Create a ticket, you will recieve a role and engineer rank, for free!

Thanks everyone for this, I never imagined the server will go this far.","",""
"1025291090481381456","egono","2024-07-06T10:32:54.5800000+00:00","i forgor to pay the bills","",""
"1025291090481381456","egono","2024-07-06T10:32:58.6600000+00:00","the bill collector got us","",""
"1025291090481381456","egono","2024-07-06T10:33:00.7210000+00:00","😔","",""
"1025291090481381456","egono","2024-07-06T10:36:32.7600000+00:00","Paid the bills","",""
"1025291090481381456","egono","2024-07-08T15:59:13.4690000+00:00","9 GiB of ram]","",""
"1025291090481381456","egono","2024-07-08T15:59:17.1740000+00:00",":freakytongue:","",""
"1025291090481381456","egono","2024-07-08T15:59:27.4490000+00:00","https://tenor.com/view/spongebob-freaky-bob-freaky-bob-meme-gif-10720828043929228240","",""
"1025291090481381456","egono","2024-07-08T16:00:19.5230000+00:00",":freakytongue:","",""
"1025291090481381456","egono","2024-07-08T17:01:19.4500000+00:00","@PING | Event Priority minehut API is down, since we are an external server and use their APi, the server is dead 💀","",""
"1025291090481381456","egono","2024-07-08T17:01:24.0770000+00:00","","",""
"1025291090481381456","egono","2024-07-08T17:02:32.2420000+00:00","","https://cdn.discordapp.com/attachments/1129342020448682015/1259917550595080345/9sOkkSq.png?ex=6a001168&is=69febfe8&hm=f2e2e95cdc2e06866033cdd6107f073a792dc269087a38558996b8807d08b2d0&","😭 (13)"
"517967799302488064","siqns","2024-07-09T00:24:30.4550000+00:00","server is up","",""
"1025291090481381456","egono","2024-07-09T22:17:45.5540000+00:00","if anyones wondering why 2 everyone pings here","",""
"1025291090481381456","egono","2024-07-09T22:17:47.1330000+00:00","https://discord.com/channels/1129335265907978260/1129346914010271834/1260353587545112618","",""
"1025291090481381456","egono","2024-07-09T22:18:25.7910000+00:00","https://discord.com/channels/1129335265907978260/1129346914010271834/1260356224965279765","",""
"1025291090481381456","egono","2024-07-09T22:18:31.0520000+00:00","Yall stay tuned for next week","",""
"1025291090481381456","egono","2024-07-10T21:04:04.8180000+00:00","2 years","",""
"1025291090481381456","egono","2024-07-10T21:04:07.9210000+00:00","2 whole years","",""
"1025291090481381456","egono","2024-07-10T21:04:13.2570000+00:00","of ups and downs","",""
"1025291090481381456","egono","2024-07-10T21:04:18.0590000+00:00","but at the end","",""
"1025291090481381456","egono","2024-07-10T21:05:30.3880000+00:00","We have reached 1k members on discord","",""
"1025291090481381456","egono","2024-07-10T21:05:44.6350000+00:00","Which already shows how popular, relevant we are","",""
"1025291090481381456","egono","2024-07-10T21:05:59.3320000+00:00","And we could not do this without you guys","",""
"1025291090481381456","egono","2024-07-10T21:06:14.6730000+00:00","I am saying on the behalf of every staff member","",""
"1025291090481381456","egono","2024-07-10T21:06:17.9040000+00:00","Thank you.","",""
"235148962103951360","Carl-bot#1536","2024-07-10T21:07:14.7290000+00:00","","","⛑️ (19)"
"1025291090481381456","egono","2024-07-10T21:07:23.0090000+00:00","Must have 10 hours of playtime","",""
"235148962103951360","Carl-bot#1536","2024-07-10T21:07:36.7980000+00:00","","","minecoin (13)"
"1025291090481381456","egono","2024-07-10T21:09:20.1460000+00:00","Must be verified","",""
"235148962103951360","Carl-bot#1536","2024-07-10T21:12:15.9850000+00:00","","","discord_nitroboost (23)"
"1025291090481381456","egono","2024-07-10T21:12:30.9340000+00:00","Must be verified & 10 hours playtime","","be_bluecheer (18)"
"1025291090481381456","egono","2024-07-11T18:32:33.4750000+00:00","@CREATOR 

Creators have now /tomap permissions only!

After some digging, found a bug that made everyone able to use tomap.

More buffs to Creator comming soon.","",""
"1025291090481381456","egono","2024-07-11T18:36:27.9210000+00:00","","https://cdn.discordapp.com/attachments/1129342020448682015/1261028351905366046/Vuq6BMD.png?ex=6a00276b&is=69fed5eb&hm=2504e9fc6a6d9e939d099c7cb717eb7bd7d14298a4755fa3fd56b7995a8cc953&",""
"1025291090481381456","egono","2024-07-11T19:22:31.3900000+00:00","(https://www.spigotmc.org/resources/imageonmap.26585/)","",""
"1025291090481381456","egono","2024-07-11T19:42:09.4680000+00:00","@PING | Event Priority  Event starting in 10 minutes","",""
"1007001204431278170","thiscatisd_","2024-07-12T14:36:47.5980000+00:00","|| @PING | Notice || || @PING | Events  ||
# Today *12/7/24* marks the third birthday of 50xCreative!
## In celebration, we will **attempt** to have a event today.
Another gift, DUCK EMOJIS! :duckheart: :duckstar: 
## Here is some stats of 50x.
Since September, we have had 3,827,282 messages sent on the Minecraft sever. #deleted-channel 
We've had 30,390 messages sent in General. #💬・general 
1k+ members since September
And over 300 THOUSAND players joined on the server!

## Also, you can still enter the giveaways!

Engineer: https://discord.com/channels/1129335265907978260/1129342020448682015/1260703909324787713 👷 
1000 Coins: https://discord.com/channels/1129335265907978260/1129342020448682015/1260704001888878624 🪙 
Nitro Boost For 1 Month: https://discord.com/channels/1129335265907978260/1129342020448682015/1260705172884164609 :discord_nitroboost: 

**We cannot thank you enough.**

🍰","","🍰 (16),duckstar (4),pikachu_surprised (2)"
"1007001204431278170","thiscatisd_","2024-07-12T14:52:53.8680000+00:00","also, duck cake for you thousand members to split :duckheart:","",""
"1007001204431278170","thiscatisd_","2024-07-12T14:52:57.7370000+00:00","","https://cdn.discordapp.com/attachments/1129342020448682015/1261334492597977230/IMG_8867.png?ex=69fff309&is=69fea189&hm=2e1c20f89fc479cb169b5df09e71b7acdc325fc8448ddbdfcab3cc533e5a25e1&","duckheart (19),duckstar (19)"
"1007001204431278170","thiscatisd_","2024-07-12T16:17:29.3230000+00:00","@PING | Events Event starting in 3 minutes!","",""
"1007001204431278170","thiscatisd_","2024-07-12T16:17:50.9130000+00:00","do /spawn then use the compass to get to events!","",""
"1007001204431278170","thiscatisd_","2024-07-12T16:42:11.5400000+00:00","@PING | Events come do it again!
prize is 500 coins + donator","",""
"1025291090481381456","egono","2024-07-12T21:41:34.4380000+00:00","Did 4 nitro giveaways","",""
"1025291090481381456","egono","2024-07-12T21:41:39.1770000+00:00","Come on guys","",""
"1025291090481381456","egono","2024-07-17T09:36:59.0120000+00:00","","https://cdn.discordapp.com/attachments/1129342020448682015/1263066914112933948/ssstik.io_1721208903775.mp4?ex=6a0051ba&is=69ff003a&hm=215a36747bb64d34a2b13ee935983f85cbbdcb3384a5d95aa306efc05e20a3b1&",""
"1025291090481381456","egono","2024-07-17T09:37:04.6890000+00:00","(Im mfs)","",""
"235148962103951360","Carl-bot#1536","2024-07-17T21:07:15.1920000+00:00","Congratulations to the winners of **Engineer Rank** https://discord.com/channels/1129335265907978260/1129342020448682015/1260703909324787713 
- @Aple__Tree
- @velty","",""
"235148962103951360","Carl-bot#1536","2024-07-17T21:07:37.3870000+00:00","Congratulations to the winners of **1000 coins** https://discord.com/channels/1129335265907978260/1129342020448682015/1260704001888878624 
- @⋆🎸⋆★ °⋆ryoko˚★｡ ̊🎧⋆
- @ejw12","",""
"235148962103951360","Carl-bot#1536","2024-07-17T21:12:16.6240000+00:00","Congratulations to the winners of **Nitro Boost 1 month** https://discord.com/channels/1129335265907978260/1129342020448682015/1260705172884164609 
- @Sir Fish
- @Cat","",""
"1025291090481381456","egono","2024-07-18T06:26:40.4830000+00:00","Create a ticket you have 20/7/2024 6:25 AM before the giveaway dissapears.","",""
"1025291090481381456","egono","2024-07-18T06:27:00.7070000+00:00","No rerolls.","",""
"1025291090481381456","egono","2024-07-18T19:37:58.6380000+00:00","","https://cdn.discordapp.com/attachments/1129342020448682015/1263580546974613534/Kye5z1d.png?ex=6a0035d6&is=69fee456&hm=d2be87e09eecc5a5647dd720a5285ac2b16933a9bc51ea4237a5671fb7b2e478&",""
"1025291090481381456","egono","2024-07-18T19:38:07.4160000+00:00","","https://cdn.discordapp.com/attachments/1129342020448682015/1263580584169705472/BsvOhap.png?ex=6a0035df&is=69fee45f&hm=b3082f48e29ac3b3abfd67d6de22883c4ac44678054353cbebe23aa49db44603&",""
"1025291090481381456","egono","2024-07-18T19:38:20.0230000+00:00","","https://cdn.discordapp.com/attachments/1129342020448682015/1263580636619215010/Xz27xWj.png?ex=6a0035eb&is=69fee46b&hm=b1f08f04d23a7d2f28ba0da191872018fcb51199e66aa8abf379a1015bc20628&",""
"1025291090481381456","egono","2024-07-22T20:58:14.2780000+00:00","","https://cdn.discordapp.com/attachments/1129342020448682015/1265050296380555264/Screenshot_20240722_235740_Discord.jpg?ex=6a0048a6&is=69fef726&hm=4099a801899cc18fdd6baab8f66777c93869293f8f409a70e1a92e24853c6e4b&,https://cdn.discordapp.com/attachments/1129342020448682015/1265050296686608504/Screenshot_20240722_235735_Discord.jpg?ex=6a0048a6&is=69fef726&hm=f8dd580e7d2a9ebe0e6277dc4e4e80f10c98d952688f14598fd3e536f2fcbf09&",""
"1025291090481381456","egono","2024-07-22T20:58:15.7460000+00:00","Clapped","",""
"1025291090481381456","egono","2024-07-22T20:58:41.2150000+00:00","3:11 ratio","",""
"1025291090481381456","egono","2024-07-22T20:59:13.7840000+00:00","( @Deleted User )","",""
"1025291090481381456","egono","2024-07-25T15:09:40.0180000+00:00","@PING | Notice 

Server is offline until @siqns  wakes up from being in IDLE.

Reason: the server has ran out of storage (we had like 12 GiB 2 weeks ago and we ran fine)

Some staff have done some things, or I do not know what happened, which caused the server to get 4 GiB in 3 days (we have 18.)","https://cdn.discordapp.com/attachments/1129342020448682015/1266049739334483998/5Vi8ciR.png?ex=69fff6f3&is=69fea573&hm=64f9a98e62d123e32328c4821da1f95d1f9df8aaf7c1088d8d37f86cf8c8d57c&",""
"1025291090481381456","egono","2024-07-25T15:10:08.6300000+00:00","We could upload a backup, but alot of things would dissapear, which would cause alot of drama","",""
"1025291090481381456","egono","2024-07-25T15:11:00.9460000+00:00","And that would count TEBEX purchases + build + vaults + balances.","",""
"1025291090481381456","egono","2024-07-26T19:40:06.7670000+00:00","@PING | Notice 

1 good thing, and 1 bad thing.

First, the server will be fully funcional now.

The bad thing, plots will be disabled until further notice.","","ysob (16)"
"1025291090481381456","egono","2024-07-26T19:44:08.3190000+00:00","Server is online!","",""
"1007001204431278170","thiscatisd_","2024-07-31T22:34:44.7230000+00:00","# 50xLottery event
## How this works:
If you send me 5 dollars with dm proof, you will get entered into a lottery with a grand prize of 100 dollars (may differ from how many people enter)

The lottery will end  5/8/2024 4:00 PM, enter within the time to have a chance on winning.

Duplicate entries are allowed to raise your chance.

-# || @PING | Event Priority @PING | Events @PING | Notice @Deleted User ||","","💸 (16)"
"1025291090481381456","egono","2024-08-01T19:19:24.4690000+00:00","@everyone  everyone

for everyone, i made a special command, some older players remember /coinflip - where u could win double the money.
Since the removal alot of people have asked me to bring it back - thus i brought something back.

Instead of gambling with coins - you gamble with your time and sanity!!!!

I have made slots, which have 3 sections. if you get the three exact blocks on the red line you get a suffix!


Every suffix has a 1/3 chance.

It is free to anyone","https://cdn.discordapp.com/attachments/1129342020448682015/1268649303912615946/9zV0buQ.png?ex=6a00317c&is=69fedffc&hm=47859e7ca095cfffa4afcfe5e5497a3dc65666ce38cdb66d441879b06f2655ce&","💵 (28),🛞 (12),🟢 (15),🟥 (13),⬛ (13),🤑 (14),⏲️ (6)"
"1025291090481381456","egono","2024-08-01T19:20:16.4360000+00:00","oh yeah","",""
"1025291090481381456","egono","2024-08-01T19:20:20.3120000+00:00","the command is /gamble","",""
"1025291090481381456","egono","2024-08-01T19:21:05.6410000+00:00","(if the do the maths 1/3x1/3x1/3 = 1/27)","",""
"1025291090481381456","egono","2024-08-01T19:21:11.5650000+00:00","so small chance to get","",""
"1025291090481381456","egono","2024-08-01T19:21:14.1420000+00:00","like in real life","",""
"1025291090481381456","egono","2024-08-01T19:49:27.2320000+00:00","Also! Added a new suffix - diamond suffix ( it appears in the 2 slot 1st row), you must pay attention otherwise you loose a 1/100 rank!!!!!)","",""
"1025291090481381456","egono","2024-08-12T12:18:17.6150000+00:00","@everyone ok plots are back","",""
"1025291090481381456","egono","2024-08-12T12:23:37.0060000+00:00","and becuase of data corruption - all plots are reset","","😭 (8)"
"1007001204431278170","thiscatisd_","2024-08-12T18:05:33.4030000+00:00","you should join","",""
"1007001204431278170","thiscatisd_","2024-08-12T18:08:12.1760000+00:00","https://cdn.discordapp.com/attachments/1193692399751417956/1272617610713759784/caption.gif","",""
"1025291090481381456","egono","2024-08-12T19:43:48.0640000+00:00","Make the music louder next time","",""
"1025291090481381456","egono","2024-08-17T06:09:11.7750000+00:00","","https://cdn.discordapp.com/attachments/1129342020448682015/1274248646551928875/Screenshot_20240817_090854_TikTok.jpg?ex=6a002107&is=69fecf87&hm=b06745f5435fb77545a604eebdfc19e98ca04b498c35f015611179f31c2efe80&",""
"1025291090481381456","egono","2024-08-17T06:09:11.9870000+00:00","Yeah chat","",""
"1025291090481381456","egono","2024-08-17T06:09:14.8510000+00:00","We are cooked","",""
"1025291090481381456","egono","2024-08-17T06:09:35.4390000+00:00","Atleast more time to play 50x","","bluemoji_wow (20)"
"1007001204431278170","thiscatisd_","2024-08-23T00:52:26.8550000+00:00","siqns","",""
"1007001204431278170","thiscatisd_","2024-08-23T00:52:27.6950000+00:00","why","",""
"1278118665744552036","[/] 50xCreative","2024-08-27T22:38:42.9360000+00:00","The server deleted!?","","sobcry (26)"
"1007001204431278170","thiscatisd_","2024-08-29T10:36:09.5670000+00:00","it me birthday! 🎂","","🎂 (24)"
"1007001204431278170","thiscatisd_","2024-08-29T21:48:02.9380000+00:00","thanks for the birthday wishes :-)","",""
"1025291090481381456","egono","2024-08-30T10:08:00.8890000+00:00","@PING | Notice 

Hello! 

We are currently going under contrustion, because we are making 50xcreative fallback server! (People who are banned from Minehut will be able to join 50xCreative!)

Hope to see you guys soon!","","🍆 (10),be_blueily (20)"
"1025291090481381456","egono","2024-08-30T14:02:03.4190000+00:00","And people who are banned from 50x will be able to be in a void (build something, and chat to other banned people.)","",""
"1007001204431278170","thiscatisd_","2024-08-30T19:50:18.8210000+00:00","LAG MACHINES BAD","",""
"1025291090481381456","egono","2024-08-30T20:26:57.9830000+00:00","???????","",""
"757997811055984760","kundaliel","2024-08-30T20:27:26.5790000+00:00","Bc you can build stuff","",""
"1025291090481381456","egono","2024-08-30T21:00:28.4160000+00:00","Yeah, hold them seatbelts close","",""
"1025291090481381456","egono","2024-08-30T21:00:40.0510000+00:00","because the server wont be on for like 2 days","",""
"1025291090481381456","egono","2024-08-30T21:00:50.3300000+00:00","💀  🔥  🙏  💯 💯","",""
"1025291090481381456","egono","2024-08-31T08:52:51.7640000+00:00","@PING | Notice  server will be released 2 day","",""
"1025291090481381456","egono","2024-08-31T11:07:10.7930000+00:00","@everyone 

Important news!


We have made 50xCreative joinable for people who are banned from Minehut!

To join 50xCreative without being connected to Minehut use our proxy server!

> **EU.50XCREATIVE.XYZ** (this proxy is located in Germany, so if you're from Europe use this anyway!) (Will bypass Minehut ban!!)

> **US.50XCREATIVE.XYZ** is for Americans (located in Dallas, so if you are from America use this!) (Wont bypass Minehut ban!!)


**Also from now on 1.20.4+ can only join!**

Currently, the bypass Minehut ban proxy server is only in Europe, sorry!

Enjoy, 50xCreative!","",""
"1025291090481381456","egono","2024-08-31T11:31:09.2600000+00:00","@d cat , has been demoted until further notice.","",""
"1025291090481381456","egono","2024-09-01T14:38:06.2840000+00:00","@PING | Notice 

Since d cat got demoted, started to be negative etc. 

Do not belive whatever is posted on 50xcreative youtube, tiktok, reddit.

That is none of us, we do not have control.","",""
"1025291090481381456","egono","2024-09-03T18:46:55.3360000+00:00","@PING | Notice 

Since yesterday's raid, or some absurd lag machine made us to go offline, i had to force kill the server and it corrupted the main 50xCreative map. The progress made has been reverted sadly (to first of september.) If you bought a rank in that time, please create a ticket. 

I am very sorry, disappointed at myself because afterall it is my server.","",""
"1025291090481381456","egono","2024-09-03T19:05:07.5310000+00:00","I cant access the panel, have to wait on support.","",""
"1025291090481381456","egono","2024-09-03T19:05:17.3400000+00:00","Maybe only tommorow...","",""
"517967799302488064","siqns","2024-09-04T05:40:50.0740000+00:00","50X BACK REAL","",""
"456226577798135808","Deleted User","2024-09-11T22:40:05.0660000+00:00","https://www.youtube.com/watch?v=22wNbuxHLAg&t=3s","","bluemoji_sigma (9)"
"456226577798135808","Deleted User","2024-09-12T00:20:21.2880000+00:00","NEW 5OX NEWS CHANNEL!!!!! (old one is not ours)","",""
"1084969522982834227","agent_lives","2024-09-13T20:37:38.9030000+00:00","what","",""
"1084969522982834227","agent_lives","2024-09-13T20:37:41.2280000+00:00","again?","",""
"456226577798135808","Deleted User","2024-09-14T03:29:49.0990000+00:00","https://youtu.be/Tuz58_G8Rrw?si=lnB0MhbH4x2ccdvb","","silly (8),skullrobloxman (8),bluemoji_crying (6)"
"456226577798135808","Deleted User","2024-09-14T03:29:55.0300000+00:00","NEWS HEHEHAHA","",""
"456226577798135808","Deleted User","2024-09-14T09:29:38.4870000+00:00","yes","",""
"1025291090481381456","egono","2024-09-15T18:20:06.7710000+00:00","@PING | Notice 

just a reminder, if you got a warn 30 days ago or more, you can get them removed, create a ticket","",""
"1025291090481381456","egono","2024-09-24T14:50:17.4350000+00:00","@PING | Notice  the bill collector wont take 50x offline for a half a month","",""
"1025291090481381456","egono","2024-09-24T14:50:18.7850000+00:00","confirmed","",""
"1025291090481381456","egono","2024-09-24T14:50:25.2490000+00:00","i paid with all of 50x money","",""
"1025291090481381456","egono","2024-09-24T14:50:29.0520000+00:00","the budget now is -6 eur","","😭 (15)"
"757997811055984760","kundaliel","2024-09-28T23:24:39.2710000+00:00","We apologize for the inconvenience, but the 50x servers will be offline until further notice. There appears to be an issue that may have been caused by a lag machine in the spawn chunks. Please bear with us while our team works to resolve this.
||@PING | Notice ||","",""
"757997811055984760","kundaliel","2024-09-29T02:20:50.7320000+00:00","This problem has now been resolved.","",""
"517967799302488064","siqns","2024-09-29T14:26:01.4850000+00:00","Dear fellow valued 50xCreative members,

It appears that the server is not able to start due to internal server problems. We deeply apologise for any inconvenience caused for now as we try to investigate and find a solution. In the mean time, 50xCreative will be down until further notice. There will be no ETA, but it should be quick. Thank you for your cooperation, feel free to ask any staff members if you have any doubt. 

Regards,
siqns
@PING | Notice","",""
"1025291090481381456","egono","2024-09-30T17:30:43.2540000+00:00","As some people do nog understand.

50xCreative is my hobby, where im passionate at.

But school is my first priority, since its very hard and difficult to learn in.

Fastest, I can and will fix (maybe) tommorow only.","",""
"1025291090481381456","egono","2024-09-30T20:04:46.6870000+00:00","@everyone ok, 50x back","",""
"1025291090481381456","egono","2024-09-30T20:04:58.3890000+00:00","reason was","",""
"1025291090481381456","egono","2024-09-30T20:05:00.9530000+00:00","zesty skript","","silly (37)"
"1025291090481381456","egono","2024-10-12T16:28:31.3130000+00:00","@PING | Notice 

**Re-released /poll!**

> What's new?

New polls everyday (automatic!)
A channel after a poll ends, the poll gets sent into the channel! #deleted-channel","",""
"1025291090481381456","egono","2024-10-15T17:18:46.7860000+00:00","@PING | Notice  

50xPlots may be reset in around 2 weeks. 

Save your builds or don't","https://cdn.discordapp.com/attachments/1129342020448682015/1295798036802568202/image.png?ex=6a001536&is=69fec3b6&hm=967c2e299a5618a928f581dab47c0778e6f9fc825c99d796b7d6f9822a329835&",""
"517967799302488064","siqns","2024-10-16T14:19:31.1160000+00:00","Plot world is not going to be reset until further notice.","","bluemoji_sigma (8)"
"517967799302488064","siqns","2024-10-17T01:01:50.9220000+00:00","_ _
# Staff Applications are now Open!


Staff applications will now be opened indefinitely and results will be announced on 3/11/2024 8:33 AM .

Head over this link to apply!
https://docs.google.com/forms/d/e/1FAIpQLSesnESRc-AMBPOd86iwoaZu_mcvLRBqyMtiIb-tbeUWqtJRXw/viewform

Regards,
**siqns**
-# (Co-Owner of 50xCreative)

@PING | Notice","","blob_seizure (17)"
"1025291090481381456","egono","2024-10-17T18:10:17.4550000+00:00","imagine","",""
"1025291090481381456","egono","2024-10-18T04:21:28.0540000+00:00","Anyone who is in this guys discord server, please read what is he rambling about","https://cdn.discordapp.com/attachments/1129342020448682015/1296689583316271126/Screenshot_20241018_072051_Discord.jpg?ex=6a0007c7&is=69feb647&hm=1591053e4337de52a32ad93784f05973a123f9bf854feade60a9e04cb4b7c2e9&,https://cdn.discordapp.com/attachments/1129342020448682015/1296689583664267275/Screenshot_20241018_072047_Discord.jpg?ex=6a0007c8&is=69feb648&hm=6aa88175c5c0220b621c1b104b4b260725e88128c66821a72b6cffeae051b021&","🤡 (2),😭 (3)"
"1025291090481381456","egono","2024-10-18T04:21:58.0310000+00:00","","https://cdn.discordapp.com/attachments/1129342020448682015/1296689709250252801/Screenshot_20241018_072150_Discord.jpg?ex=6a0007e6&is=69feb666&hm=65820596205bce3233644244bcbbad4f6d64a9d2431e35644b72c1e5edc9f5c2&","skullrobloxman (13),🤡 (11)"
"1025291090481381456","egono","2024-10-18T04:22:00.3590000+00:00","For context","",""
"517967799302488064","siqns","2024-10-19T04:21:41.6720000+00:00","Dear 50xCreative community,

For some unknown reasons, 50xCreative will be down until further notice as it has been critically crashing the second it starts. Will try to fix the issue ASAP for you guys to play again, We apologise for the inconvenience caused.

Regards,
**siqns**
-# Co-Owner of 50xCreative

@PING | Notice","",""
"517967799302488064","siqns","2024-10-20T01:35:24.7710000+00:00","Dear 50xCreative community,

The server problem has been resolved, but at the expense where the server is rolled back 20 days. This is because the plots file has unfortunately corrupted. We deeply apologise for any inconvenience caused to your experience with 50xCreative.

The server is back.

Regards,
**siqns**
-# Co-Owner of 50xCreative

@PING | Notice","",""
"1025291090481381456","egono","2024-10-20T08:10:33.7850000+00:00","If anyone lost a rank, create a ticket with your tebex id, which you should have gotten when you purchased.","",""
"1025291090481381456","egono","2024-10-22T12:39:00.1900000+00:00","@PING | Notice 

fixing the server (patching the crashes)

and updating to 1.20","",""
"1025291090481381456","egono","2024-10-22T12:40:35.0360000+00:00","i meant","",""
"1025291090481381456","egono","2024-10-22T12:40:35.7530000+00:00","1.21","","bluemoji_sigma (4)"
"1025291090481381456","egono","2024-10-22T16:18:18.0220000+00:00","@PING | Notice 

Is out of lockdown, but not stable (confirmed to be fully working.)

> **IF YOU FIND ANY BUGS YOU MAY BE COMPENSATED WHEN YOU CREATE A TICKET.**

Enjoy, and play 50xCreative.","",""
"1025291090481381456","egono","2024-10-22T16:20:23.3060000+00:00","(1.21 and up)","",""
"1025291090481381456","egono","2024-10-22T20:13:55.4620000+00:00","@PING | Notice 

As of recently, there has been a guy @amad62 in specific, which has so called ""created wars"", called 50xCreative corrupt, and overall just making shit up.

Since @amad62 does not want to speak (but in his creative news something discord, states that he does want to) I have to defend myself with my words.

To prove my point of his recent ban (of communism, homophobia, and making false claims without any proof)

Here are the promised screenshots.","https://cdn.discordapp.com/attachments/1129342020448682015/1298378824278478928/image-15.jpg?ex=6a003e42&is=69feecc2&hm=15f40f36236f7eefa12156f4814df546a2cdb65b460bfc3336033e7288957e59&,https://cdn.discordapp.com/attachments/1129342020448682015/1298378824605765703/Screenshot_20241022_230748_Discord.jpg?ex=6a003e42&is=69feecc2&hm=ee550129b62ba5582e5beccc2081cff83e97b809cb646b88e03b7a709865d30a&,https://cdn.discordapp.com/attachments/1129342020448682015/1298378825154957344/Screenshot_20241022_230801_Discord.jpg?ex=6a003e42&is=69feecc2&hm=d72eec0de347fb1fecbb16252118ca65e4013ff7dc1ca57badacb496570edfd8&,https://cdn.discordapp.com/attachments/1129342020448682015/1298378825771646996/Screenshot_20241022_230806_Discord.jpg?ex=6a003e42&is=69feecc2&hm=a52837c72a196c8dbd70a8ca9e3d105be82f4d0aa627292c047c73ee7db55216&,https://cdn.discordapp.com/attachments/1129342020448682015/1298378826186756116/Screenshot_20241022_230813_Discord.jpg?ex=6a003e42&is=69feecc2&hm=fd4b1d7ab01545a15c4dda1fdfbf6e8a8520e427a734d15efb68e1706d93be3e&,https://cdn.discordapp.com/attachments/1129342020448682015/1298378826681942016/Screenshot_20241022_230817_Discord.jpg?ex=6a003e42&is=69feecc2&hm=844b383f6ab9d4b6e61cf3be22c79ff2272c65397f3792f54aa7721ec67bb1b9&,https://cdn.discordapp.com/attachments/1129342020448682015/1298378827185000598/Screenshot_20241022_230823_Discord.jpg?ex=6a003e43&is=69feecc3&hm=bbab5b3fe446b23464d950fb75e7c3a9e56517eb2feb56178df5399020ad427b&,https://cdn.discordapp.com/attachments/1129342020448682015/1298378827654889482/Screenshot_20241022_230830_Discord.jpg?ex=6a003e43&is=69feecc3&hm=8ffacacac63aef824367eb4e50f9da628bd5fe90af1d2fdb067e8f61afc9a6f2&,https://cdn.discordapp.com/attachments/1129342020448682015/1298378828053221416/Screenshot_20241018_072051_Discord.jpg?ex=6a003e43&is=69feecc3&hm=8222d17662bb343a84e52e15c9e7b201148eb402835ea9288c397b847a6d3cdc&,https://cdn.discordapp.com/attachments/1129342020448682015/1298378828527435777/Screenshot_20241022_093434_Discord.jpg?ex=6a003e43&is=69feecc3&hm=903e1e01b87201499ea10547c54052da169c6af16f6cd335a6c93b447fe3818c&",""
"1025291090481381456","egono","2024-10-22T20:13:59.5470000+00:00","","https://cdn.discordapp.com/attachments/1129342020448682015/1298378845359046720/Screenshot_2024-10-16_161909.jpg?ex=6a003e47&is=69feecc7&hm=f898da0f7e9fcdfe8af92a4ece01d93d7059bf61a8625f2705c3ed7911acb3d9&,https://cdn.discordapp.com/attachments/1129342020448682015/1298378845618962452/Screenshot_20241022_093442_Discord.jpg?ex=6a003e47&is=69feecc7&hm=29ad678fe2c4374653f798a623099615c954f419529b01a7f9a6ee19bb10a6c5&",""
"1025291090481381456","egono","2024-10-22T20:15:29.7570000+00:00","Sadly, he is also nazi but as I stated first in the groupchat, I can not provide sufficient proof, in sum he said he wants all of the power and wants to I guess lead to his own dead server","",""
"1025291090481381456","egono","2024-10-22T20:15:46.1510000+00:00","Also screenshots from his fatness dorm server","",""
"1025291090481381456","egono","2024-10-22T20:15:52.7750000+00:00","","https://cdn.discordapp.com/attachments/1129342020448682015/1298379320019910736/IMG_4885.jpg?ex=6a003eb8&is=69feed38&hm=a28482ecfee8ecb8c8b65e15b35adf5ac708feea291a23bc4a980618f25d1e3f&,https://cdn.discordapp.com/attachments/1129342020448682015/1298379320435150951/IMG_4884.jpg?ex=6a003eb8&is=69feed38&hm=1f404e60564b47fb5d5b8474d4967be9fe55eef8daa287cbc4f2840f0af92d5f&,https://cdn.discordapp.com/attachments/1129342020448682015/1298379320711970947/IMG_4886.jpg?ex=6a003eb8&is=69feed38&hm=b703c3cdc290c8c12d4e3c9b0eddeabc67d90733681447201658038ccb1940d1&",""
"1025291090481381456","egono","2024-10-22T20:16:36.3690000+00:00","Also when he was asked for proof of any of his statements, he either ignored or changed the topic.","",""
"1025291090481381456","egono","2024-10-22T20:24:23.0860000+00:00","","https://cdn.discordapp.com/attachments/1129342020448682015/1298381460952191026/unknown-16.jpg?ex=6a0040b7&is=69feef37&hm=d2ffcbc1b5007e24cf172a92b58e278f4dbd07f886eadffb824b4044414f401d&",""
"1025291090481381456","egono","2024-10-22T20:24:26.6190000+00:00","Also what?","",""
"1025291090481381456","egono","2024-10-23T12:09:20.2440000+00:00","https://youtu.be/nHgQTRu3lxM?si=8Bao25A-99chkurl","","egono (4)"
"712298805982396477","djesse","2024-10-24T12:33:26.3440000+00:00","Today in 50xCreative, we created the worlds smallest turtle on Minecraft ❤️ 🐢","https://cdn.discordapp.com/attachments/1129342020448682015/1298987717975212084/2024-10-24_14.32.11.png?ex=69ffd255&is=69fe80d5&hm=2d9f435f22f1569c1c4e54d116fa86f89c4ec8d6b7a3f08afe94ef46fa9301ff&,https://cdn.discordapp.com/attachments/1129342020448682015/1298987718596104314/2024-10-24_14.32.16.png?ex=69ffd256&is=69fe80d6&hm=d52dac768620054bed8c69fe85823e8eaf215414b7e323c491cdac13ad3bd8d8&,https://cdn.discordapp.com/attachments/1129342020448682015/1298987719187365898/2024-10-24_14.32.13.png?ex=69ffd256&is=69fe80d6&hm=4677c322fc6a89cd322c86a3bba69739a3211c12097620b0e62b47a8f65582f3&","😂 (3),❤️ (6),👍 (3),blobcat_evil (2),egono (3),silly (2)"
"1025291090481381456","egono","2024-10-24T19:23:43.2170000+00:00","There will be 2 parts of swissparty allegation covering, each one is gonna come out with more proof and more, release dates are maybe this saturday and sunday.","",""
"1025291090481381456","egono","2024-10-25T06:43:14.2410000+00:00","The last part is gonna be crazy","",""
"1025291090481381456","egono","2024-10-25T06:43:15.8970000+00:00","Trust","",""
"1025291090481381456","egono","2024-10-25T09:47:25.5860000+00:00","@PING | Notice staff application","",""
"1025291090481381456","egono","2024-10-25T13:18:05.7810000+00:00","https://youtu.be/iEWiPuPF3wk","",""
"1025291090481381456","egono","2024-10-25T13:18:38.1460000+00:00","part 3 is gonna have better quality editing since im partnering with @Yumeko ★  and I have a chance to work on it for longer.","",""
"1025291090481381456","egono","2024-10-25T13:24:58.4720000+00:00","and so much proof","",""
"1025291090481381456","egono","2024-10-25T13:25:03.4470000+00:00","even more than i spoke about","",""
"1025291090481381456","egono","2024-10-25T13:27:10.2940000+00:00","and he wont be able to say that its cap","",""
"1025291090481381456","egono","2024-10-25T20:09:30.0460000+00:00","(https://youtube.com/shorts/Yi9dmLpPB3w?feature=shared)","",""
"1025291090481381456","egono","2024-10-25T21:40:58.8450000+00:00","After i used my brain","",""
"1025291090481381456","egono","2024-10-25T21:41:38.1920000+00:00","I realised he only wants attention so we will post the intro only and the discord of swiss","",""
"1025291090481381456","egono","2024-10-25T21:41:42.8380000+00:00","Case closed","",""
"1025291090481381456","egono","2024-10-25T21:41:45.1450000+00:00","https://discord.gg/FU7QHCmz","",""
"1025291090481381456","egono","2024-10-25T21:41:49.5550000+00:00","Art gallery","",""
"1025291090481381456","egono","2024-10-25T21:41:58.5510000+00:00","@PING | Notice","",""
"1025291090481381456","egono","2024-10-25T21:45:18.0210000+00:00","Will post tysukas work is she wants to continue","",""
"1025291090481381456","egono","2024-10-25T21:45:19.6040000+00:00","","https://cdn.discordapp.com/attachments/1129342020448682015/1299488993867731037/Untitled_video_-_Made_with_Clipchamp.mp4?ex=6a0053af&is=69ff022f&hm=c2215fa32babb7e936e24dc228f04a1e9e98457714f6a6490fbdb50ec6f8fe46&",""
"757997811055984760","kundaliel","2024-11-03T05:16:16.3760000+00:00","# Staff Application Results

Well done to everyone who applied for Staff, it is time to announce the results. Our management and staff team had carefully handpicked and curated a list of accepted people, which consists of:

 @Tangy, 
@†∘˙✰Mɛɾçʏ✰˙∘†, @Frieren, @cnoble, @Insomniac77, @Deleted User @lalovoe, and leavish_.

For those who did not get accepted, don't worry. You still have future chances on getting accepted. We can see your dedication and efforts im the server and we appreciate them alot. Don’t let this bring you down if you were not accepted. Keep your head high and there is always next time.

Regards,
**Kundaliel**
-# Admin of 50xCreative

@PING | Notice","",""
"1025291090481381456","egono","2024-11-03T05:47:15.0550000+00:00","Imagine getting accepted","",""
"757997811055984760","kundaliel","2024-11-03T05:59:41.9390000+00:00","Couldn't be swifty","",""
"712298805982396477","djesse","2024-11-03T09:08:01.9840000+00:00","🍻 🥳","",""
"712298805982396477","djesse","2024-11-03T09:13:21.8340000+00:00","Since Kundaliel forgot... Congrats @T U also made it to the staff team 😄 🥳 @PING | Notice","","😂 (7)"
"826805884864561232","haox9","2024-11-03T09:14:19.3540000+00:00","Need to drink more beer to celebrate for the new staff","","❤️ (11)"
"970274309253763082","philly2010","2024-11-03T17:22:13.0590000+00:00","event: hide and seek in 1 hour or so. idk when but around 1h or more

prices
1st: 500
2nd:250
3rd:100
:bluemoji_shock: :bluemoji_shock: :bluemoji_shock: :bluemoji_shock: :bluemoji_shock: 
@PING | Event Priority","","bluemoji_shock (9),✅ (8)"
"517967799302488064","siqns","2024-11-17T06:37:22.5650000+00:00","","","bluemoji_shock (10)"
"517967799302488064","siqns","2024-11-17T07:19:32.0670000+00:00","@PING | Notice","",""
"1025291090481381456","egono","2024-11-17T07:22:49.5490000+00:00","Tap 💀💀","",""
"712298805982396477","djesse","2024-11-17T10:25:36.1120000+00:00",":egono: 💀","",""
"517967799302488064","siqns","2024-11-18T06:37:25.5560000+00:00","","",""
"517967799302488064","siqns","2024-11-18T06:58:25.3260000+00:00",":ummm:","",""
"826805884864561232","haox9","2024-11-18T19:27:52.1000000+00:00",":ummm:","",""
"797851554316025876","_sakuratea_","2024-11-19T09:56:55.7480000+00:00","It’s my birthday.






(hooray) 🎉","","🎂 (21)"
"456226577798135808","Deleted User","2024-11-19T09:58:39.4780000+00:00","HAPPY BIRTHDAY!!!","",""
"517967799302488064","siqns","2024-11-23T11:17:07.7060000+00:00","# Feedback Form

Dear valued members of 50xCreative,

It is time that your opinions and suggestions of the server be heard for once. Please give us some feedback so that we can improve yo tailor quality experiences for you. Click on the link below to fill up the feedback form. Your feedback will greatly help the server to achieve and sustain greater heights.

https://docs.google.com/forms/d/e/1FAIpQLSc086ll3fGdVpB7zyoLRAnSQLPpKPzXOGi3ZSezAoFwGG_Ubg/viewform

Kind regards,
siqns
-# Poopy head of 50xCreative

@PING | Notice","",""
"970274309253763082","philly2010","2024-11-23T15:35:18.3680000+00:00","@PING | Notice server is up again efter server crash","",""
"1176001345820569701","decisivemc","2024-11-26T09:29:50.1500000+00:00","50x is back up","",""
"517967799302488064","siqns","2024-11-26T22:26:20.8400000+00:00",":ummm:","",""
"1025291090481381456","egono","2024-11-27T06:38:03.2990000+00:00","in 1-idk how many days","",""
"517967799302488064","siqns","2024-11-28T10:32:44.5710000+00:00",":ummm:","",""
"970274309253763082","philly2010","2024-11-28T12:30:21.2470000+00:00","https://tenor.com/view/f%C3%A4rd-pferd-horse-pferdegesicht-horseface-gif-3528284947006317144","",""
"826805884864561232","haox9","2024-11-28T14:44:03.3970000+00:00","bombastic side eye to whoever gets the server","",""
"551583285051129866","decisiveohio6","2024-11-29T23:45:30.0140000+00:00","server is back up","",""
"517967799302488064","siqns","2024-12-07T23:31:41.6400000+00:00","hey peeps minehut is being abit wonky so join with this IP for now 😛 ->`eu.50xcreative.xyz` @PING | Notice woohoo ok thx bye","",""
"970274309253763082","philly2010","2024-12-15T09:45:17.4610000+00:00","https://tenor.com/view/cake-birthday-happy-birthday-happybirthday-happy-bday-gif-11277231286877461425","",""
"970274309253763082","philly2010","2024-12-15T09:45:18.1530000+00:00","is ma birthday!","","🎂 (28)"
"1025291090481381456","egono","2024-12-24T10:09:31.3860000+00:00","@everyone  ho ho ho merry rizzmasssss","",""
"235148962103951360","Carl-bot#1536","2024-12-24T10:09:44.4190000+00:00","","",""
"235148962103951360","Carl-bot#1536","2024-12-24T10:09:53.0600000+00:00","","",""
"235148962103951360","Carl-bot#1536","2024-12-24T10:10:04.3230000+00:00","","",""
"235148962103951360","Carl-bot#1536","2024-12-24T10:10:11.9290000+00:00","","",""
"517967799302488064","siqns","2024-12-24T15:48:51.9300000+00:00","@PING | Notice 

https://docs.google.com/forms/d/e/1FAIpQLSesnESRc-AMBPOd86iwoaZu_mcvLRBqyMtiIb-tbeUWqtJRXw/viewform
 
STAFF APPS

WE NEED GOOD PEOPLE 

YAYAY","","capybara (22)"
"235148962103951360","Carl-bot#1536","2024-12-29T10:09:44.8440000+00:00","Congratulations to the winners of **Engineer Rank** https://discord.com/channels/1129335265907978260/1129342020448682015/1321057216287080461 
- @Nororo
- @UnknownMurder.iso","",""
"235148962103951360","Carl-bot#1536","2024-12-29T10:09:53.4330000+00:00","Congratulations to the winner of **Creator rank** https://discord.com/channels/1129335265907978260/1129342020448682015/1321057252530196550 
- @davooh","",""
"235148962103951360","Carl-bot#1536","2024-12-29T10:10:04.7880000+00:00","Congratulations to the winners of **Architect rank** https://discord.com/channels/1129335265907978260/1129342020448682015/1321057299770507386 
- @Whitecatgaming
- @Kotletu pasaulis","",""
"235148962103951360","Carl-bot#1536","2024-12-29T10:10:12.3630000+00:00","Congratulations to the winners of **500 coins** https://discord.com/channels/1129335265907978260/1129342020448682015/1321057331672514561 
- @UnknownMurder.iso
- @Qve_","",""
"1025291090481381456","egono","2024-12-29T20:57:35.7170000+00:00","Create a ticket to claim","",""
"517967799302488064","siqns","2024-12-31T12:08:36.5260000+00:00","Guys... 2024 is over.... dangit.....","",""
"517967799302488064","siqns","2024-12-31T12:08:57.1940000+00:00","In like a few hours so what is your new years resolution put in the chat :)","",""
"826805884864561232","haox9","2024-12-31T23:05:02.8760000+00:00","Already messed up 2025 2026 gonna be my year fr","",""
"551583285051129866","decisiveohio6","2025-01-01T10:03:59.8580000+00:00","# Staff Application Results

Well done to everyone who applied for Staff, it is time to announce the results. Our management and staff team had carefully handpicked and curated a list of accepted people, which consists of:

@SG-Gopen, @The_Bear__, @Azael (CloverxForest), @TheInfamousGhost, @DreamyDuck, @andezp, @Deleted User, @🅱oboinson

For those who did not get accepted, don't worry. You still have future chances on getting accepted. We can see your dedication and efforts im the server and we appreciate them alot. Don’t let this bring you down if you were not accepted. Keep your head high and there is always next time.

Regards,
**DecisiveOhio6**
-# Admin of 50xCreative

@PING | Notice","",""
"970274309253763082","philly2010","2025-01-01T10:57:04.3810000+00:00","Happy new year 🎆🎊","","✅ (13)"
"1025291090481381456","egono","2025-01-02T19:53:18.9340000+00:00","https://discord.gg/5EVZVKeZqK","",""
"1025291090481381456","egono","2025-01-02T19:53:30.8230000+00:00","anyone who wants to watch everybody hates chris","",""
"1025291090481381456","egono","2025-01-02T19:53:33.8130000+00:00","im on ep 2","",""
"517967799302488064","siqns","2025-01-13T01:23:48.6160000+00:00","bot and kun demtoed wooho!","",""
"970274309253763082","philly2010","2025-01-18T07:28:12.1770000+00:00","hello 50x am quitting as staff, i will still be playing as a normal player i hope i see you later in 50x! cya","",""
"517967799302488064","siqns","2025-01-18T14:52:53.6250000+00:00","january fools he's coming back","",""
"970274309253763082","philly2010","2025-01-18T14:53:20.6900000+00:00","https://tenor.com/view/qu%C3%AA-what-whatqu%C3%AA-gif-228696590455497597","","🎉 (14)"
"1025291090481381456","egono","2025-01-30T16:30:59.0630000+00:00","After much decision-making, I have decided to step down from my owner role and pass it down to Siqns. I have realised that my being as an owner is not that effective in contributing to the server. So Siqns, the new owner, I hope will do the honours and make the server great.

What will I do?

I will keep on working on the server after some time since I only enjoy coding things, not playing the server itself. So you may start to see me more often.

And keep your heads up for an overhaul.

Thanks, everyone.

@PING | Notice","","❤️ (40),👍 (22)"
"517967799302488064","siqns","2025-02-01T13:01:22.3330000+00:00","Let's see how long I can last before egono pulls up another poll on whether should he be owner back again and everyone else says yes 💀","",""
"1176001345820569701","decisivemc","2025-02-08T20:48:44.6240000+00:00","@PING | Notice We are having problems as of now. So its in maintenance mode right now. Sorry for the inconvenience.","",""
"517967799302488064","siqns","2025-02-08T23:35:03.4610000+00:00","@PING | Notice idk what decisive yapping about but server is back up ✅","",""
"1128028955597873262","ckream_","2025-02-09T06:26:01.2390000+00:00","https://tenor.com/view/outcore-lumi-lumi-outcore-outcore-lumi-k-lev-gif-9532944383639085203","",""
"456226577798135808","Deleted User","2025-02-09T20:17:51.5970000+00:00","someone should totally boost","https://cdn.discordapp.com/attachments/1129342020448682015/1338242484089655346/image.png?ex=6a003f2f&is=69feedaf&hm=f3586995f6ea50a6fe8b126cf22f0c6fb7cc5bb8304c0349d46d68494f154ac9&",""
"1128028955597873262","ckream_","2025-02-11T12:11:23.6380000+00:00","frfr","",""
"712298805982396477","djesse","2025-02-15T14:16:37.0340000+00:00","@PING | Notice New idea just launched. ""Map borders"" currently there is only 1 map border, but let me know if u like this idea. I might make more, and there will probably be a channel in this discord to suggest themes.","https://cdn.discordapp.com/attachments/1129342020448682015/1340325899614158869/2025-02-15_15.15.56.png?ex=69ffea84&is=69fe9904&hm=0cf8f4e0bd726e3f527a4909f6702388fe4132a50b485833e58ac7fc1803dbd1&,https://cdn.discordapp.com/attachments/1129342020448682015/1340325900608340030/2025-02-15_15.16.04.png?ex=69ffea84&is=69fe9904&hm=6edffa2eb5b6ccabdbb037d7fc06ecce7290babbcf6bdc1441f221283042e4d8&,https://cdn.discordapp.com/attachments/1129342020448682015/1340325901606588517/2025-02-15_15.16.11.png?ex=69ffea84&is=69fe9904&hm=d41417ed5c4cc940b0f8d097f68056bab9bd1ad12bb3821d6513a51b7da057da&","🔥 (25)"
"517967799302488064","siqns","2025-02-20T06:53:03.0070000+00:00","@PING | Notice staff app open wohoohoohho","","🔥 (12)"
"757997811055984760","kundaliel","2025-02-26T21:09:56.2560000+00:00","@PING | Notice 
The server is back up!","",""
"517967799302488064","siqns","2025-03-08T07:33:06.6980000+00:00","# :mc_cube: 50xCreative Major Revamp :mc_cube: 
**50xCreative will be undergoing major maintenance for an estimated 5 days.**
This is to ensure that 50xCreative will have a better overall experience.

## 🛠 Maintenance Details  
🕒 **Start Date:** 8/3/2025 7:30 AM   
⏳ **End Date:** 15/3/2025 7:30 AM 
⚠️ **Expected Downtime:** One Week 

## 🔧 **What’s Happening?**  
- 🚀 Heavy server optimization and modularization of gamemodes
- 🆕 New features and perks and implementation of community ideas
- 🐞 Bug fixes

⚠️ **During this period, the server will be completely inaccessible.**
 We appreciate your patience and support, and we deeply apologize for any inconveniences caused.
If we are able to speed up the maintenance process, we will definitely notify all of you and release the server earlier.

📢 **Stay Updated.** 
Stay in touch by checking the updates and notice channel.
Thanks for your understanding and have a great day ahead.

Kind regards,
siqns
-# Owner of 50xCreative

||@PING | Notice||","","verycool (15),💔 (8)"
"1025291090481381456","egono","2025-03-08T20:35:01.2220000+00:00","@PING | Notice 


50xCreative PLOT WORLD

https://drive.google.com/file/d/1O29H9aCL9z4fyTbaD0McqB2k8UXoUgwn/view?usp=sharing","",""
"1025291090481381456","egono","2025-03-08T20:37:09.6880000+00:00","(i advise to use 7zip, since i compressed it hard)","",""
"1025291090481381456","egono","2025-03-12T10:19:49.0170000+00:00","","https://cdn.discordapp.com/attachments/1129342020448682015/1349326005348864011/2025-03-12_12.19.44.png?ex=69ffb304&is=69fe6184&hm=8feaa1270d2b5c4dd1414fb25c1729f25a700ab90908c4d3a9d7638ba2be79a9&","🔥 (10),❤️ (4)"
"1025291090481381456","egono","2025-03-12T10:19:52.0520000+00:00","@PING | Notice","",""
"1025291090481381456","egono","2025-03-13T11:44:59.7490000+00:00","@everyone 50x is now open","",""
"1025291090481381456","egono","2025-03-13T11:45:54.6860000+00:00","(if you find any bugs you should report it to us and you may get a reward)","",""
"517967799302488064","siqns","2025-03-13T11:48:13.7140000+00:00","# ⛅ 50xCreative Revamp Complete
**Maintenance on the server has finished**.
We have decided to soft launch the server as of now. 

## 🐞 Expect some bugs
Some features or functions have been modified, and if things are not working as intended, please notify admins or staff members for issues to be resolved as soon as possible.

## ⚡ Live updates
From now on, we will be doing minor upgrades and maintenance where it does not require the server to go offline for this long. Players can enjoy and play as we implement more new features.

## 🥲 We are sorry
 We appreciate your patience and support, and we deeply apologize for any inconveniences caused. But the wait is over, and you can join the server as of now. Thanks to everyone's support as of now, else 50xCreative would not be where it is as of now.

Kind regards,
siqns
-# Owner of 50xCreative

|| @PING | Notice ||","","bluemoji_wow (8)"
"1025291090481381456","egono","2025-03-13T11:55:20.4570000+00:00","yabbadoobadoo","",""
"1025291090481381456","egono","2025-03-15T19:55:01.1580000+00:00","@PING | Notice  Some mysterious guy actually bought a rank for me in the server, and since I won't use it, here is a giveaway.","https://cdn.discordapp.com/attachments/1129342020448682015/1350557923088273448/image.png?ex=6a0039d5&is=69fee855&hm=4b5551dcc4b201ca00bd3e5a0139a93429012355ea893c1d6f26d1b71d75c5de&,https://cdn.discordapp.com/attachments/1129342020448682015/1350557923453046828/image.png?ex=6a0039d5&is=69fee855&hm=e51c930d67f8b1aa2243ec5e217392d5eb175ce3ec53b1f43168a2dc142fd65c&",""
"235148962103951360","Carl-bot#1536","2025-03-15T19:55:10.5500000+00:00","","",""
"517967799302488064","siqns","2025-03-16T13:09:35.6230000+00:00","# Server Down
**Server unexpectedly closed.**.
Our hosting provider has temporarily shut the main server down to transfer server nodes.

## 🥲 We are sorry
 We appreciate your patience and support, and we deeply apologize for any inconveniences caused. But once the server is back up, we will notify. ETA is unknown as they didn't give any.

Sincere apologies,
siqns
-# Owner of 50xCreative

|| @PING | Notice ||","","bluemoji_crying (13)"
"1025291090481381456","egono","2025-03-16T14:59:29.0210000+00:00","join the void we have illegal bug fighting rn","",""
"1025291090481381456","egono","2025-03-16T14:59:37.4830000+00:00","","https://cdn.discordapp.com/attachments/1129342020448682015/1350845972548157520/image.png?ex=69fff499&is=69fea319&hm=5a7144c69e55618456fe6a9e780034d50e1276fa5a92cd2044e531d13e5a678c&",""
"235148962103951360","Carl-bot#1536","2025-03-17T19:59:42.0380000+00:00","Congratulations to the winner of giveaway https://discord.com/channels/1129335265907978260/1129342020448682015/1350557963072311416 
- @rookie!","",""
"456226577798135808","Deleted User","2025-03-17T19:59:57.1930000+00:00","open ticket","",""
"1025291090481381456","egono","2025-03-17T20:07:40.7790000+00:00","1.3 hours","",""
"235148962103951360","Carl-bot#1536","2025-03-17T22:37:54.2720000+00:00","Congratulations to the winner of giveaway https://discord.com/channels/1129335265907978260/1129342020448682015/1350557963072311416 
- @Middleson","",""
"456226577798135808","Deleted User","2025-03-17T22:38:14.5870000+00:00","you have 1 hour and 38 minutes","",""
"456226577798135808","Deleted User","2025-03-17T22:38:17.4540000+00:00","to open a ticket","",""
"456226577798135808","Deleted User","2025-03-17T23:06:52.1260000+00:00","claimed","",""
"235148962103951360","Carl-bot#1536","2025-03-27T13:29:39.9240000+00:00","","",""
"235148962103951360","Carl-bot#1536","2025-03-28T02:53:36.6480000+00:00","Congratulations to the winner of giveaway https://discord.com/channels/1129335265907978260/1129342020448682015/1354809600582353042 
- @Deleted User","",""
"1025291090481381456","egono","2025-04-09T20:51:28.7730000+00:00","CREATE TICKET TO CLAIM","",""
"1025291090481381456","egono","2025-04-09T20:51:30.5690000+00:00","PLZ","",""
"517967799302488064","siqns","2025-04-09T23:33:19.1750000+00:00","You know that there will be alot of troll responses","",""
"1025291090481381456","egono","2025-04-10T04:32:11.1100000+00:00","No","",""
"517967799302488064","siqns","2025-04-10T04:32:29.5630000+00:00","bet","",""
"1025291090481381456","egono","2025-04-10T04:36:47.7680000+00:00","Only 5 from 63","",""
"1025291090481381456","egono","2025-04-10T18:46:15.9110000+00:00","Big thanks for the 68 people that filled the form honestly","","blobcat_heart (7)"
"757997811055984760","kundaliel","2025-04-10T22:00:48.1880000+00:00","# Staff Application Results

@✦kudo✦, @Man_in_cognito, @orange

@PING | Notice","",""
"551583285051129866","decisiveohio6","2025-04-10T22:04:05.5070000+00:00","Welcome to the staff team!","",""
"1176001345820569701","decisivemc","2025-04-20T05:08:00.9240000+00:00","||@PING | Notice ||
We are aware of the current crashing issues.
Our development team is actively working on a solution.
For now, avoid using ""the command"" to prevent crashes. (You will be banned if you abuse it to crash the server)

Thank you,
- Decisive","",""
"1173204851749048371","50xcreativeownership","2025-04-20T13:43:39.9030000+00:00","ok","",""
"517967799302488064","siqns","2025-04-22T06:23:23.2790000+00:00","||PING | Notice||
We are aware of the current crashing issues.
Our development team is actively working on a solution.
For now, avoid using ""the command"" to prevent crashes. (You will be banned if you abuse it to crash the server)

Thank you,
- indecisive","",""
"1329106975291867200","helloimswifty","2025-04-22T21:10:45.4010000+00:00","||PING | Notice||
We are aware of the current crashing issues.
Our development team is actively working on a solution.
For now, avoid using ""the command"" to prevent crashes. (You will be banned if you abuse it to crash the server)

Thank you,
- decisiveohio6","",""
"1025291090481381456","egono","2025-04-23T10:44:56.8430000+00:00","||PING | Notice||
We are aware of the current crashing issues.
Our development team is actively working on a solution.
For now, avoid using ""the command"" to prevent crashes. (You will be banned if you abuse it to crash the server)

Thank you,
- decisiveohio9","",""
"1025291090481381456","egono","2025-05-04T21:25:40.1480000+00:00","@PING | Notice 


Democracy  time

Who should be promoted (first two people will get promoted)

Please vote carefully and with reasoning

1️⃣ @The_Bear__ 
2️⃣ @Tangy 
3️⃣ @✦kudo✦ 
4️⃣ @orange 
5️⃣ @Tubbo

The ones not promoted will be promoted sometime later.","","1️⃣ (22),2️⃣ (22),3️⃣ (13),4️⃣ (42),5️⃣ (34)"
"1025291090481381456","egono","2025-05-04T21:28:08.0220000+00:00","Also this poll ends tommorow so staff yall can run some propaganda 😉","",""
"1025291090481381456","egono","2025-05-05T11:29:58.9060000+00:00","i think the winners are obvious","",""
"1025291090481381456","egono","2025-05-05T11:30:07.2200000+00:00","congrats @Tubbo  n @orange","",""
"1025291090481381456","egono","2025-05-05T11:30:22.9270000+00:00","both rpbomoted to srmod","",""
"1025291090481381456","egono","2025-05-05T11:30:35.8770000+00:00","(i forgot yalls usernames so plz send in dms)","",""
"1025291090481381456","egono","2025-05-20T19:22:02.4800000+00:00","@Azael (CloverxForest)  @Piggydoom  @Fax_Machine1 @Deleted User @davooh @Djesse 

new staff apply next time","","🔥 (9)"
"1025291090481381456","egono","2025-05-20T19:22:31.0390000+00:00","@PING | Applications","",""
"757997811055984760","kundaliel","2025-05-21T05:23:37.7570000+00:00","||@everyone||

## I'm very sorry to say that some of your plots have been lost. Someone used WorldEdit to grief the plots world, and unfortunately, I only had half of the region files backed up from earlier today. Once again, I sincerely apologize if you've lost your plot because of this.

Sincerely,
Kundaliel
Developer of 50xCreative","","bluemoji_desperate (45)"
"1025291090481381456","egono","2025-05-24T08:16:27.2990000+00:00","@PING | Notice 

added back mapresets and updates the roles channel, wont ping notice anymore","",""
"1025291090481381456","egono","2025-05-25T11:56:20.4530000+00:00","@PING | Notice  reminder","",""
"1025291090481381456","egono","2025-05-28T08:04:16.2380000+00:00","@PING | Notice 

There is a chance now to get your build put here! All you have to do is build it in plots and put the build in #🏡・builds (screenshot), and posting your in game name. Does not matter if you built it a very long time ago, all that matters is that it looks good. 

You have time till late tomorrow, prize is 1 architect rank.","https://cdn.discordapp.com/attachments/1129342020448682015/1377195759505768468/image.png?ex=6a003c00&is=69feea80&hm=8126b1416bb7ca38f204a05f5d33faf424c61d966bbf1cc1010d1d83277d1e41&","🦶 (11)"
"1025291090481381456","egono","2025-05-28T08:04:26.7550000+00:00","(thats in spawn by the way)","",""
"1025291090481381456","egono","2025-05-28T08:04:30.8870000+00:00","(youll get credited)","",""
"1025291090481381456","egono","2025-05-30T10:06:43.8440000+00:00","@PING | Notice 

Since the infestation of in game AI bots, from now on EVERY bot will be required to use either the in game's /msg or pass the qualification, otherwise the bots will be banned in an instant.

The only bots that are not required to use this is:
> Leopardgamer
> Capsytral
>  FemHub

All other bots are required to use /msg.

(extra info - all bots without exception only should work by pinging them in game (mentioning full name))","","✅ (20)"
"712298805982396477","djesse","2025-06-08T13:00:22.4360000+00:00","HAPPY BIRTHDAY TO MEEEE🍻:mc_cake: :BOOBA: :blob_seizure: @PING | Notice","","🔥 (20),🎉 (17),blob_seizure (14),blob_party (14),bob (10),POGGIES (7)"
"712298805982396477","djesse","2025-06-08T13:01:12.0960000+00:00","ALSO 1 year of being manager 🥳🎉","","🔥 (17)"
"517967799302488064","siqns","2025-06-10T11:48:22.5590000+00:00","wait really","",""
"1025291090481381456","egono","2025-06-12T15:09:31.2040000+00:00","@PING | Notice  
The tebex store has been disabled for an undefined time. 
More information later.","","😔 (17)"
"1025291090481381456","egono","2025-06-12T15:09:46.2170000+00:00","(If you want to buy a rank, you can - create a ticket.)","",""
"1025291090481381456","egono","2025-06-12T15:09:59.8580000+00:00","(Paypal or crypto or card)","",""
"1025291090481381456","egono","2025-07-12T19:40:33.4800000+00:00","","https://cdn.discordapp.com/attachments/1129342020448682015/1393678440049410159/image.png?ex=6a003671&is=69fee4f1&hm=76ba8f73a3ee12ae26fcf4c049bc3a67cc70ebb90691f6c7d85b0906f70fbe39&","bluemoji_suspicious (19)"
"1025291090481381456","egono","2025-07-16T18:07:26.1080000+00:00","@PING | Notice Since the recent disturbance of our community / server, I have to make this announcement.

If anyone lost anything or got banned by ```Emillu or Maybeswifty``` please create a ticket. 

Thankfully the recovery took 20-30 minutes, since they could not do much in that short time they had.

Towards a safer community,
Egono","",""
"1173204851749048371","50xcreativeownership","2025-07-19T20:14:01.1640000+00:00","discord.gg/50xcreative","","👍 (3)"
"1025291090481381456","egono","2025-07-20T16:43:17.6150000+00:00","the problem is the spawn dissapeared and i updated the server to 1.21.4","",""
"1025291090481381456","egono","2025-07-20T17:15:20.5060000+00:00","@PING | Notice  serverb ack","","🔥 (5)"
"1048609062364917830","tubbohere","2025-07-26T09:03:21.4900000+00:00","Hello 50x community!

This message comes just as a reminder that pinging staff continously in chat about server related issues is not permitted. 

Issues and reports may be resolved in a ticket.

@PING | Notice","",""
"1025291090481381456","egono","2025-07-26T12:22:21.5290000+00:00","@PING | Notice 

Sunday, 27 July 2025 3:00:00 PM ~~Plots and~~ the economy will be reset.

~~Save your world etc, the plots will be available to be downloaded.~~

~~The storage is getting full, we have only 4 GB left.~~ Thank you!","",""
"1025291090481381456","egono","2025-07-26T14:20:06.7410000+00:00","@PING | Notice 

Reminder:

The tebex store is closed AND won't be open, due to anti money laundering systems.

To buy a rank either create a ticket or message me.

Payment methods:

Apple pay (just have an iphone)
Credit card 
Paypal
Crypto

(p.s. credit card is not as sketchy as before since i started using ko-fi)","",""
"1025291090481381456","egono","2025-07-27T20:24:57.0200000+00:00","these are the prices btw","https://cdn.discordapp.com/attachments/1129342020448682015/1399125429750857939/image.png?ex=6a0040d8&is=69feef58&hm=c33482b460f4ff982981dab9ca732ff9de638fe1042160e27a47e0a0b1261163&",""
"1025291090481381456","egono","2025-07-27T20:25:59.6420000+00:00","Designer - 3.99
Architect - 4.99 (designer + custom rank)
Engineer - 19.99 (previous + cosmetics + worldedit)
Creator - 34.99 (full NBT access)","",""
"1025291090481381456","egono","2025-07-27T20:41:13.4100000+00:00","(to buy message me or create a ticket)","",""
"517967799302488064","siqns","2025-08-02T04:48:42.7400000+00:00","# 😢 Server Proxy Down
The US proxy of 50xCreative is curerntly down due to unknown reasons.
Please join with `eu.50xCreative.xyz` to play on 50xCreative for now.
Future updates on this matter will be posted.

### 🧧  Packet Limit Fixed 
Found out the issue and fixed it.
Enjoy playing songs with notebot or songplayer.
Except for minebot, they will have 1 packet per second limit.

Kind regards,
@siqns 
-# ""Owner"" of 50xCreative

|| @PING | Notice ||","","🔥 (10),🎉 (4),⁉️ (3),blobcat_heart (2),💯 (3),👍 (3)"
"1025291090481381456","egono","2025-08-02T12:11:36.1760000+00:00","i fixeds","",""
"1025291090481381456","egono","2025-08-02T12:11:39.2120000+00:00","@PING | Notice","",""
"1025291090481381456","egono","2025-08-02T12:16:29.8880000+00:00","the problem was the ip changed","",""
"1025291090481381456","egono","2025-08-02T12:16:42.4980000+00:00","reals","",""
"1025291090481381456","egono","2025-08-07T16:38:20.8740000+00:00","@PING | Notice  applications open reading soon","",""
"1025291090481381456","egono","2025-08-07T16:38:28.5520000+00:00","#📝・apply","",""
"517967799302488064","siqns","2025-08-11T12:55:07.9700000+00:00","# 💔 Server Down
Someone sat on the server and it exploded.
Devs are fixing the server now and there is no ETA.
We will ping once its up again.

Regards,
@siqns 

||@PING | Notice ||","","👅 (6)"
"517967799302488064","siqns","2025-08-11T12:58:03.7820000+00:00","# 😁 Server Up
We quickly bought a new server and its running fine again.
Join back now! We promise it won't die again.

Regards,
@siqns 

||@PING | Notice ||","","🦶 (15)"
"551583285051129866","decisiveohio6","2025-08-13T16:07:40.3970000+00:00","||@PING | Notice ||

I have no clue what happened to the main proxy I just found out now that it was offline. Please use ""eu.50xcreative.xyz"" to join until further notice from @siqns or @Egono.

Regards,
@DecisiveOhio6","","🎣 (5),🥀 (8)"
"1025291090481381456","egono","2025-08-13T20:26:18.7280000+00:00","idk","",""
"1025291090481381456","egono","2025-08-13T20:26:21.8340000+00:00","why proxy died","",""
"517967799302488064","siqns","2025-08-18T01:30:11.7630000+00:00","proxy undied 
||@PING | Notice ||","","🔥 (13),🦾 (8)"
"517967799302488064","siqns","2025-09-04T16:29:27.0050000+00:00","#  ⭐ Server Updated to 1.21.8!

Join and play with fun new blocks and items!
Server totally didn't crash for **three times** before the update was succesful!
You should totally join now!

Regards,
@siqns 
-# Owner of 50xCreative ig

|| @PING | Notice  ||","","blobaww (7)"
"1025291090481381456","egono","2025-09-04T16:50:34.2060000+00:00","martin luther king","",""
"551583285051129866","decisiveohio6","2025-09-07T19:31:53.2300000+00:00","|| @PING | Notice ||

Again the main proxy went down (I think?). Please use ""eu.50xcreative.xyz"" to join until further notice from @siqns or @Egono.

Regards,
@DecisiveOhio6 
-# Sr. Admin of 50xCreative","",""
"1176001345820569701","decisivemc","2025-09-08T04:20:47.9320000+00:00","|| @PING | Notice ||

@siqns (Owner of 50xCreative) said the proxy should be back up and running. You can now use either ""eu.50xCreative.xyz"" or 50xCreative.xyz"" to join the server.

Regards,
@DecisiveMC 
-# Sr. Admin of 50xCreative","",""
"517967799302488064","siqns","2025-09-10T13:54:44.5520000+00:00","# Server Down 💔 

Due to unexpected errors with the server, we will be shutting down for maintenance until further notice.
My apologies for the inconvenience caused to others for this matter.
In the mean time, please a have a good day/night ahead.
We will ping once the server is back to normal.

Regards,
@siqns 
-# Owner of 50xCreative

|| @PING | Notice ||","",""
"517967799302488064","siqns","2025-09-10T14:28:19.1820000+00:00","# I lied 😈 

I lied.

Regards,
@siqns 
-# Owner of 50xCreative

|| @PING | Notice ||","",""
"757997811055984760","kundaliel","2025-09-15T21:09:11.3730000+00:00","@PING | Notice 

The server is now up and running! However, the creative mode will remain unavailable until further notice. We'll update you as soon as it's restored.","",""
"757997811055984760","kundaliel","2025-09-15T21:18:33.3940000+00:00","Okay, should be fixed?","",""
"757997811055984760","kundaliel","2025-09-15T21:18:42.5030000+00:00","@PING | Notice","",""
"517967799302488064","siqns","2025-09-15T22:43:19.3900000+00:00","https://tenor.com/view/dirty-docks-shawty-triflin-shawty-triflin-she-gif-22455514","",""
"517967799302488064","siqns","2025-09-18T15:16:58.7340000+00:00","# Creative and Canvas down

Due to some unforseen issues, both of these game modes are down and can not be played for the time being. Relevant developers have been contacted to resolve the issue immediately. We apologise for any inconvenience caused. Have a great day or night to all.

Regards,
@siqns 
-# Owner of 50xCreative

|| @PING | Notice  ||","",""
"517967799302488064","siqns","2025-09-19T03:50:37.2350000+00:00","# Server Up Again! 😁 

Due to some painstaking problem solving, server is back up.
I almost lost my mind again, but I am able to regain stability and fix the problems.
Maybe Kundaliel should be owner :DDD

KINDEST AND WARMEST REGARDS FROM,
@siqns 
-# Owner of 50xCreative (sadly)

||  @PING | Notice ||","","blobcat_heart (6)"
"1025291090481381456","egono","2025-09-19T15:33:33.2110000+00:00","imag","",""
"1167595787656634478","sggopen","2025-10-03T20:21:24.9610000+00:00","@PING | Notice 
Our store is now accessible through our #🛒・store . You are no longer required to make or ticket, or DM Egono to access our store. 

Thanks so much for considering buying a rank from 50XCreative.
@SG-Gopen 
-# Admin of 50XCreative","",""
"1025291090481381456","egono","2025-10-04T05:22:51.9780000+00:00","(You need to provide your IGN & what are you buying in the description.)","",""
"1025291090481381456","egono","2025-10-12T17:22:22.3820000+00:00","I forgot to pay for proxies","","🅱️ (8),🅰️ (8),🇩 (8),😂 (6)"
"1048609062364917830","tubbohere","2025-10-29T17:02:04.4220000+00:00","||@PING | Notice||
If you are not able to join, please read this

Minecraft's Auth servers are down, meaning that this is not a 50xCreative but a Microsoft issue.

We will update you as the situation improves.

If you are currently logged on, you should not have issues as long as you stay on.

We are sorry for the inconvenience. 
-# The 50xCreative team.","",""
"1048609062364917830","tubbohere","2025-10-29T20:31:45.3630000+00:00","||@PING | Notice||
You are now able to join again. (Though its unstable)
-# The 50xCreative team.","",""
"1167595787656634478","sggopen","2025-10-29T21:03:14.5830000+00:00","Some users may still be receiving this error. If you are not receiving this error. The error message is fine and there’s nothing that can be done at the moment to fix it, it is a Microsoft issue.
|| @PING | Notice ||
-# The 50xCreative team.","https://cdn.discordapp.com/attachments/1129342020448682015/1433199525870178438/IMG_0548.jpg?ex=6a0049d2&is=69fef852&hm=d4a31d953092318510a83ffbc6ca018d42e480f1c00c3abd583aaae0adc63ee1&","👍 (5)"
"551583285051129866","decisiveohio6","2025-11-06T20:36:34.5040000+00:00","||@PING | Notice ||

We've seen that minehut has been experiencing some issues right now, if you want to have a good experince while playing I would suggest you use EU proxy (eu.50xcreative.xyz) instead of the US proxy (50xcreative.xyz) for the time being until minehut fixes the problems.

-# Manager DecisiveOhio6","",""
"517967799302488064","siqns","2025-11-13T11:51:28.0690000+00:00","# Server Down 💔 

Due to unexpected errors with the server, the server hosting was not able to ping our server node. Contacted them and am currently awaiting for their response. Our apologies for the inconvenience caused. We will ping once the server is back to normal.

Regards,
@siqns 
-# pro gamer of 50xCreative

|| @PING | Notice ||","",""
"517967799302488064","siqns","2025-11-13T12:00:33.6060000+00:00","# THEY (NODE) ARE DOWN 💔:bluemoji_crying: 

Seems like a multitude of servers including ours sharing the same node is down, and they will be addressing this issue as soon as possible. No ETA is available but updates will still be posted. Your patience is heavily appreciated. In the mean time, do touch some grass instead, or join one of the many amazing servers minehut has to offer (ig)

Kind warm well wonderful amazing splendid fantabulous regards,
@siqns 
-# NOT pro gamer of 50xCreative 🥀

|| @PING | Notice ||","",""
"757997811055984760","kundaliel","2025-11-15T05:20:04.5750000+00:00","# NEW TEMPORARY PROXY AVAILABLE

We are pleased to announce that a new temporary proxy has been established and is now operational. 

## New Proxy Address
**50x.kundaliel.online**

---

We sincerely appreciate your patience and understanding during this transition period. The server is now accessible and ready for use.

If you experience any issues connecting to the new proxy, please don't hesitate to reach out to ~~our support team~~ me.

Thank you for your continued support.

**Best regards,**  
@Kundaliel 
-# pro gamer of 50xCreative ❤️
||@PING | Notice ||","",""
"1025291090481381456","egono","2025-11-15T15:15:37.7920000+00:00","50xcreative.xyz no more since expensive renew","",""
"1025291090481381456","egono","2025-11-15T15:15:40.8460000+00:00","Ill make a new domajn","",""
"757997811055984760","kundaliel","2025-11-15T20:43:37.6890000+00:00","50xCreative.site","",""
"1167595787656634478","sggopen","2025-11-16T01:38:57.2800000+00:00","I can buy it","",""
"1025291090481381456","egono","2025-11-16T10:21:46.1640000+00:00","you want .site?","",""
"757997811055984760","kundaliel","2025-11-16T10:30:44.5140000+00:00","It's pretty cheap","",""
"757997811055984760","kundaliel","2025-11-16T10:30:59.6110000+00:00","1.7 euros a year","",""
"1025291090481381456","egono","2025-11-16T11:53:53.3610000+00:00","well its gonna be .fun","",""
"1167595787656634478","sggopen","2025-11-20T01:30:39.3490000+00:00","**50XCreative Notice**
If you are having trouble joining 50XCreative, please join through minehut. Here is the list of steps:

1. Enter mc.minehut.com into your server list. 
2. Join the game and do /join 50XCreative in lobby.

We don’t have the same IP that is most likely on your server list right now, so please be patient as we get that up and running!

Thanks for continuing to play our server through this short inconvenience 
@SG-Gopen 
-# Admin of 50XCreative

|| @PING | Notice  ||","","👍 (1)"
"551583285051129866","decisiveohio6","2025-11-20T01:32:11.2470000+00:00","Keep in mind this would be for our US Proxy. For our EU Friends aka the EU proxy, it will still be under 50x.kundaliel.online. Unless @Kundaliel says otherwise.","","👍 (4)"
"1025291090481381456","egono","2025-11-20T19:48:53.1790000+00:00","tommorow ill add 50xcreative.fun","",""
"970274309253763082","philly2010","2025-11-21T20:10:40.7650000+00:00","Server is back online

sorry for the inconcvenience

 @PING | Notice","",""
"1025291090481381456","egono","2025-11-21T20:33:37.6210000+00:00","@PING | Notice 

**50xcreative.fun** is the new IP for 50xcreative.

> 50xcreative.fun & us.50xcreative.fun -> connected thru minehut
> eu.50xcreative -> europe servers (not connected thru minehut)
> as.50xcreative -> singapore server (not connected thru minehut, not sure if it works)

*Mind you that they might not work right now, but in about 30 minutes they'll be up, enjoy!*","",""
"1176001345820569701","decisivemc","2025-12-06T09:56:56.2540000+00:00","||@PING | Notice ||

The server is currently down for some unknown reason. I have no clue why its down. Dont start pinging a ton of staff that the server is down please. @Egono or @siqns can explain why the server is down right now when they get the chance to.

-# Kind Regards,
-# DecisiveOhio6: Manager of 50xCreative","",""
"1167595787656634478","sggopen","2025-12-06T17:51:05.9870000+00:00","The server is back and running again. Thanks for your patience.","",""
"517967799302488064","siqns","2025-12-24T03:17:37.4060000+00:00","hi guys.. server down... cause hosting down... sorry :bluemoji_crying: 

@PING | Updates","",""
"757997811055984760","kundaliel","2025-12-24T13:52:58.1010000+00:00","# NODE 14 DOWN 💔😭
Bad news everyone - our Dallas server node (Node 14) went down yesterday (12/23/25), and we're currently waiting on the host to fix it. No ETA available at this time.

Node 14 has apparently been having issues since 12/14/25, and after 10 days with no resolution from the host, it's not looking great for a quick recovery.

## What does this mean:
* All proxies are currently DOWN - this includes US, EU, and AS servers
* The host is aware but has provided no timeline for when Node 14 will be restored
* We're completely dependent on them fixing their infrastructure
* Yes, this means you'll actually have to do something productive for once

We'll update you as soon as we hear anything from the host. In the meantime, touch some grass (I know it's a foreign concept), talk to a real human being, or maybe discover that other hobbies exist. If you're really desperate, I guess you could play one of Minehut's other servers.
Unkind regards,
@Kundaliel 
-# 50x Developer 💀
||@PING | Notice ||","",""
"757997811055984760","kundaliel","2025-12-24T14:01:16.6450000+00:00","A little reminder to @Ozxy , the server is currently down.","",""
"1025291090481381456","egono","2025-12-25T09:02:01.9600000+00:00","Ask for compensation","",""
"1167595787656634478","sggopen","2025-12-25T20:28:50.3350000+00:00","Merry chroma","",""
"1098372733852717116","soupaasd","2025-12-25T23:05:36.1040000+00:00","Merry christmas everyone!
And happy holidays too!","",""
"1176001345820569701","decisivemc","2025-12-26T08:45:52.5150000+00:00","Merry Christmas! (even tho its late on my end)","",""
"1167595787656634478","sggopen","2025-12-26T23:21:17.1830000+00:00","Today is @andezp you may ping him twice in #💬・general","",""
"1167595787656634478","sggopen","2025-12-27T20:05:05.3900000+00:00","# Server DOWN 💔😭

In simple words our server is down

## What does this mean:
* You can’t play the server at the moment

Regards,
@SG-Gopen 
-# 50xAdmin
|| @PING | Notice ||","",""
"1167595787656634478","sggopen","2025-12-27T20:08:45.3780000+00:00","this also includes Kundaliels backup IP","",""
"1167595787656634478","sggopen","2025-12-27T20:25:09.9630000+00:00","(It’s just the void","",""
"757997811055984760","kundaliel","2025-12-27T21:24:13.2440000+00:00","@PING | Notice This happened again 😭","",""
"1167595787656634478","sggopen","2025-12-27T22:03:09.2810000+00:00","@PING | Notice While the server is down. Go touch some grass please 😁🙏🏾  
-# I need to change my pfp","",""
"1167595787656634478","sggopen","2025-12-28T03:16:48.3060000+00:00","@PING | Notice  
# Server is online!","",""
"757997811055984760","kundaliel","2025-12-28T17:32:43.5420000+00:00","I don't even know how it's possible, but the server host is down again...
||@PING | Notice ||","",""
"1167595787656634478","sggopen","2025-12-28T17:58:55.0120000+00:00","We need a node change","",""
"1025291090481381456","egono","2025-12-31T13:17:36.4310000+00:00","@PING | Notice  

**NEW YEARS SALE (forgot about christmas)**

The sale is ending 3/1/2026 10:00 PM !

> **EVERYTHING 25% off!!!**

Create a ticket or message me!
#🛒・store","","bluemoji_shock (5)"
"1048609062364917830","tubbohere","2025-12-31T23:09:48.5790000+00:00","# Happy New Year, 50xCreative! 🎉

## The 50x staff team wants to thank you for being such an important part of this community. We want to thank you for all of the support you bring, you are what make 50xCreative a truly special place.

### Wishing you a happy, creative, and inspiring New Year! ✨
-# The 50xCreative Staff and Development team
||@PING | Notice ||","","✅ (13)"
"1098372733852717116","soupaasd","2026-01-01T05:12:42.7920000+00:00","Happy new years everyone, Same with you staff!","",""
"1167595787656634478","sggopen","2026-01-01T05:21:53.6070000+00:00","# Happy New Year, 50xCreative! 🎉

## The 50x staff team wants to thank you for being such an important part of this community. We want to thank you for all of the support you bring, you are what make 50xCreative a truly special place.

### Wishing you a happy, creative, and inspiring New Year! ✨
-# The 50xCreative Staff and Development team
||@PING | Notice ||","","✅ (4),👿 (2)"
"1048609062364917830","tubbohere","2026-01-02T16:58:35.3850000+00:00","https://tenor.com/view/jerry-meme-tom-and-jerry-meme-jerry-points-get-a-load-of-this-guy-this-guy-gif-11384860625931393733","","🔥 (9)"
"1048609062364917830","tubbohere","2026-01-02T17:00:07.7910000+00:00","get a load of this guy","",""
"1098372733852717116","soupaasd","2026-01-03T06:08:07.7580000+00:00",":robbery:","",""
"1176001345820569701","decisivemc","2026-01-03T07:11:57.1510000+00:00","||@PING | Notice ||

The US Proxy is experiencing some issues. Please use eu.50xcreative.fun to join for the time being. Wait for @Kundaliel, @Egono or @siqns for further info on it. Sorry for the inconvenice.

-# DecisiveOhio6 - Manager of 50xCreative","",""
"1176001345820569701","decisivemc","2026-01-03T09:34:15.2000000+00:00","||@PING | Notice ||

Welp I guess the main US Proxy is now back up. You can now join on 50xcreative.fun again!

-# DecisiveOhio6 - Manager of 50xCreative","",""
"757997811055984760","kundaliel","2026-01-04T15:51:59.6640000+00:00","||@PING | Notice ||
The server is back up :D","",""
"517967799302488064","siqns","2026-01-05T11:47:07.2560000+00:00","# 1.21.0 SUPPORT ✌️

Server has been updated to 1.21.10
BEAT THAT @Kundaliel HEHEHEHAHAHAHAHA

Kindest Regards ig,
@siqns 
-# o'ner of 50xCreative

|| @PING | Notice ||","","🔥 (11)"
"1025291090481381456","egono","2026-01-06T13:03:51.7810000+00:00","thank","",""
"1176001345820569701","decisivemc","2026-01-08T06:05:38.9870000+00:00","||@PING | Notice ||

So again.......... The US Proxy is down.... Please use eu.50xcreative.fun to play on 50xCreative for the time being until @Egono says otherwise.

Regards,
-# DecisiveOhio6 - Manager/Sr. Admin of 50xCreative","",""
"1025291090481381456","egono","2026-01-08T17:34:21.1350000+00:00","fxd","",""
"655370438695714816","codingmaster","2026-01-16T14:05:52.2310000+00:00","Hello, server is down since something is wrong with our host. We are working towards resolving the issue","",""
"655370438695714816","codingmaster","2026-01-16T14:05:57.7180000+00:00","Thank you for your patience","",""
"655370438695714816","codingmaster","2026-01-16T14:06:14.8030000+00:00","||@PING | Notice ||","","🥀 (9)"
"1176001345820569701","decisivemc","2026-01-21T07:46:47.5860000+00:00","||@PING | Notice ||

Sorry to say but the server is down once again. Proxies are still up just our main server is down again. We are working on resolving the issue. Further information will be provided by someone with access to the server. Thanks for your patience once again, and sorry again

-# DecisiveOhio6 - Manager and Sr. Admin of 50xCreative","","🥀 (6)"
"1167595787656634478","sggopen","2026-01-22T01:36:33.3710000+00:00","|| @PING | Notice ||

# Tickets Notice

I noticed over the past two weeks tickets are not being utilized properly, and are not being used in general. Tickets are here to give you a way to communicate specifically to staff without member intervention. 

Report people, builds, and chat, etc. in tickets not in **any** of the chat channels. 

Using chat channels to report, or ask for help unless it is very urgent may lead to staff action such as warns and temporary timeouts. 

Also, please checkout our ticket rules, and policy as they have changed over the last month. 

Thank you for continuing to play 50XCreative and we hope you have an amazing time playing our server.

-# SGGopen - Admin of 50XCreative
-# Message authorized by Egono.","","✅ (6)"
"970274309253763082","philly2010","2026-01-23T19:46:04.9890000+00:00","@PING | Notice 
server dead gang join for free rank❌ 
|| you not getting that free rank gang💀||","","bluemoji_shock (17),✅ (8)"
"1025291090481381456","egono","2026-02-11T21:24:12.1000000+00:00","","https://cdn.discordapp.com/attachments/1129342020448682015/1471255526691180554/IMG_4811.png?ex=6a004ebc&is=69fefd3c&hm=1926e4a766eb986484aa9a5196732f4e70696e0ff39456ef965c27372e7b5af1&",""
"1025291090481381456","egono","2026-02-11T21:24:22.6800000+00:00","Aaand i dont have enough","",""
"1025291090481381456","egono","2026-02-11T21:24:41.0480000+00:00","eu.50xcreative.fun","",""
"1048609062364917830","tubbohere","2026-02-11T21:25:39.4070000+00:00","50xShutDown??!?!?!?!?","",""
"1025291090481381456","egono","2026-02-11T21:26:20.7890000+00:00","https://tenor.com/view/wallet-penacony-honkai-star-rail-clockie-no-money-gif-14673244072619990643","","waaaaaaaaa (13)"
"517967799302488064","siqns","2026-02-14T07:40:15.5440000+00:00","RIPxCreative","","catdead (12)"
"1167595787656634478","sggopen","2026-02-19T00:53:29.1640000+00:00","I’m working on trying to revive","",""
"517967799302488064","siqns","2026-02-19T06:47:03.8220000+00:00","Good luck sir","",""
"970274309253763082","philly2010","2026-02-22T20:33:27.8400000+00:00","@PING | Notice 

hello guys.
as u might have seen the server is very sad:bluemoji_crying: 
very few players online...
so we are looking out for some that might have some experience for media posting, like youtube, instagram, tiktok or something third.
**so if u want the role media staff  please fill the form**
we dont pay you but you will have the super cool rank and some permsions in-game:bluemoji_shock: 
here are some things we want you to have.
you have till the month over till we choose the people we want
1. you need to be 13+
2. just a tiny bit of experience
3.supa cool","","bluemoji_shock (11)"
"970274309253763082","philly2010","2026-02-22T20:59:20.3530000+00:00","https://docs.google.com/forms/d/e/1FAIpQLSf9FA1XjXPeQqwyhhq7fQzP9Y7_yg-YZLDoM4jp_L1SkebPMQ/viewform?usp=publish-editor","","✅ (3)"
"970274309253763082","philly2010","2026-02-27T21:36:40.4160000+00:00","@PING | Notice 

3 days left!!!!","",""
"970274309253763082","philly2010","2026-03-04T20:19:42.2350000+00:00","@PING | Notice 

sorry for late repond.","",""
"970274309253763082","philly2010","2026-03-04T20:20:02.5280000+00:00","u got a week more in the forms:D","",""
"970274309253763082","philly2010","2026-03-04T20:20:23.4540000+00:00","so the 11th the staff will be noticed","","bluemoji_shock (10)"
"1048609062364917830","tubbohere","2026-03-10T18:06:24.1860000+00:00","Tomorrow last day?","",""
"970274309253763082","philly2010","2026-03-11T05:50:50.5170000+00:00","Yes today a bit later","",""
"970274309253763082","philly2010","2026-03-11T21:08:17.3570000+00:00","after some time thinking i choose none of the poepl who applied beacuse the answers was unserious with most answers being ""idk"". so its still open i would like a few more please:D

@PING | Notice","","bluemoji_crying (10)"
"1098372733852717116","soupaasd","2026-03-14T02:30:10.1970000+00:00","100y is cooked 🥀","",""
"1025291090481381456","egono","2026-03-14T07:34:13.7010000+00:00","just paid for external server, yall can now enjoy it maybe @PING | Notice","",""
"517967799302488064","siqns","2026-03-15T08:33:54.8150000+00:00","Something new ✨️ is coming soon...","","bluemoji_shock (2)"
"970274309253763082","philly2010","2026-03-18T19:15:26.0740000+00:00","@Egono fix server gang:bluemoji_crying:","",""
"1025291090481381456","egono","2026-03-20T08:40:20.1330000+00:00","50x is ip","",""
"970274309253763082","philly2010","2026-03-20T13:20:48.2660000+00:00","hey guys i got a messeage!
------------------------------------------------------
Hey everyone,



So, I suppose this is a bit of a goodbye… but it’s not a forever kind of thing.



I've been part of 50xCreative for quite a while now, and honestly, it’s been such a blast. I’ve had the chance to create things like the City of Faith, participate in the Duck War and N.U.K.E., and just hang out with all of you. Sure, it’s been a bit chaotic at times, but that’s what made it so memorable.



I’ve met some truly awesome people here, and even those random moments and silly arguments are the kind of stuff I’m likely to look back on fondly. It wasn’t merely a Minecraft server; it really felt like a genuine community.



I want to clarify that I’m not leaving due to any negative reasons. I just need to take a step back and focus on some other things for a while. So yeah, I’ll be out for a bit, but definitely not for good.



I don’t want to get too sentimental here, but seriously, make sure to enjoy what you have while it lasts. Whether it’s this server or life in general, don’t take it for granted.



Anyway, thanks for all the great memories so far. 



I’ll catch up with you all again sometime.



Take care, everyone!
Your femboy duck
-Life","","bluemoji_crying (5),bluemoji_salute (6)"
"1176001345820569701","decisivemc","2026-03-20T22:48:30.5110000+00:00","Thank you to @Deleted User and everything he has done for the community!

The amounts of joy you brought upon many amounts of people in the 50x Community. 

You will be missed!

Hopefully you come back in the future!

Take care , @Deleted User!
From your local 
-50xCreative Community

-# Written on behalf of the 50xCreative Community
-# -Decisive, Manager of 50xCreative","",""
"1260410076301099040","kippytano","2026-03-21T16:01:09.1330000+00:00","# :BlueBook: A New Chapter for 50xCreative :BlueBook: 

:smile2: Hello @everyone! :smile2: 

> I am thrilled to announce that @swifty and myself @Kippy have officially taken over as the new owner of 50xCreative. My primary goal is simple: to revive this community and bring back the vibrant, creative energy we all love.

I know change can be uncertain, but I want to reassure you that all donor ranks, progress, and perks will remain exactly as they are. Your support for this server is respected and will be honored as we move forward.

:wave: **We want your input!** :wave: 
> This server belongs to the players. Please head over to #💡・ideas to drop your ideas for features, plugins, or events. If you have a more detailed vision or a specific concern, my DMs are always open.

**Let’s build something amazing together.**

Best wishes, Kippy!","","❤️ (32)"
"1025291090481381456","egono","2026-03-21T17:22:42.8370000+00:00","Hello,
Well, the man said it himself, the server has been sold.

(Tried selling it at least 4 times)

These were pretty good 3-4 years. But sadly i have gotten tired, and words cannot express how boring the server got to me. Making this server, I never expected that it would grow to such a size. This server has also developed a lot of things for me. Socialising skills, English, coding and much more. I really enjoyed talking to people here and spending time. I have met a lot of nice, grateful and really, really supportive people. It was worth every hour of my life, but if i could relive and feel the same emotions i had in the first two years, I would definitely do it again. Every good thing comes to an end. Life has gotten busy for me also, school, exams, and even a girlfriend. Also really grateful for siqns for not giving up and doing things even without pay.

Thank you, everyone and I hope this time 50x grows even bigger. I'll still join time to time to see whats up, but officially I have retired.

Thanks, everyone!
@everyone","","❤️ (30),L_ (21),⭕ (16),✔️ (17),🇪 (17)"
"1453478873437048905","mooniesliced","2026-03-21T21:25:03.9690000+00:00","||@everyone||
I know that some of you might be confused as of the current changes in owner's,
(to clarify egono and siqns are not the owner's no more, and @swifty @Kippy are the two new owner's) but the server will still keep it's vibe as of what it was already, the only change's taking place will be probably more actively watched over server and new idea's added by you! Ofcourse, as of the idea's, not every one of your idea's will be added, but still feel free to head to #💡・ideas and show us your creativity, and stay positive towards our owners, they do not mean any harm to the server, and stay hard gang, peace!

-# Sincerely The_Bear__","","❤️ (4),🔥 (3),👍 (4)"
"1453478873437048905","mooniesliced","2026-03-21T21:27:40.1700000+00:00","(sick 50xCreative season 3 drop trust yall)","",""
"268119019020746752","reimposing","2026-03-21T21:57:20.5240000+00:00","If you have any questions specifically for me, feel free to DM me.","",""
"268119019020746752","reimposing","2026-03-22T01:17:18.9830000+00:00","Server will be back as soon as possible, sometime within the next 24 hours most likely.","","👍 (10)"
"826805884864561232","haox9","2026-03-22T13:48:06.5490000+00:00","I first joined the 50xCreative Minecraft server on 13th of January 2023 through Minehut, while I was randomly browsing servers. Upon my first join, I saw players spreading a purple and black block corruption. That was my first impression of 50x. I never thought I would play much on this server, much less that I would join the staff team, because I had experience with short-lived Minecraft servers. But as time went on, I kept coming back. I eventually joined the staff team in March of 2023. Back then players like Diffenyy and Hercules were still active. As time went on old staffs retire or get banned, and new waves of staff replace the old ones. But I never left. Even though I was and still am not a good builder, I stuck around because of the appeal of the server.
 
Every notebot song played, every Tag game won, every underground mall, every player interaction, every roleplay, every event, every ban and every troll was a part of my core memory on the server. This is corny ik but it was really that awesome. 

In the end however, what made the server so special was the players. So shout out to these people I met through 50x. Even though some of them might be controversial to you I still had a great time with them:
Djesse (person who stuck around 50x longer than I did, inspirational builder)
Star
Kundaliel (coding wiz)
CriticalG_ (chill staff)
3_tap (also another goated builder)
Ckream (met you during the 2023 mobvote LOL remember)
Agent (my favorite enderman)
TheBear (thanks for helping with my PC)
Daphil (best duck)
Horizon (thanks for helping me build that one elevator)
Tubbo :be_blueily: 
Tangy (💖 insanely detailed builder)
Piggydoom (funniest staff)
Liferobbers (thanks for letting me build on the city of faith, legit the coolest project ever on 50x)
TheLastArchivist (cool nbts dude)
Combatfly (weirdest 50x player)
Fragola (your bot was like the pandora's box)
potator123 (nuke corp is insane)
E_00000001 (talented redstoner)","",""
"826805884864561232","haox9","2026-03-22T13:48:20.9100000+00:00","This is the three year mark of me becoming a staff. I haven't been playing Minecraft a lot recently because I've been focusing on other things and I think it's a good time to wrap it up and give my place to someone who's more active in the community. You will still see me hop on from time to time, but not as a staff. I'm really grateful I got the chance to moderate this server. I wish everyone to have a wonderful time playing the new server.

And in case I don't see ya, good afternoon, good evening, and good night.
holy yap","",""
"1453478873437048905","mooniesliced","2026-03-22T14:04:29.5810000+00:00","gg","",""
"268119019020746752","reimposing","2026-03-22T20:05:55.8750000+00:00","@PING | Notice 
50xCreative is now **online**!","",""
"1260410076301099040","kippytano","2026-03-22T21:49:15.6720000+00:00","# :Star_Boosters: BOOST REWARDS! :Star_Boosters: 
[||@everyone||]

**:wave: Hello, 50xCreative Community!**
> As the new owner, I wanted my very first event to truly give back to all of you. Your support and presence here mean a lot, not just to me, but to @swifty as well, and I want to show that appreciation by hosting this event. :sparkles: 

For the next 10 members who boost the Discord server they will receive:
:pencilchart: **Architect Rank!** :pencilchart: 

:gold_sparkles: **How to claim:** :gold_sparkles: 
After boosting, simply create a #🎫・ticket and drop your **Minecraft Username** in the ticket!

:muscle: **Let’s make this community even stronger together!**
**Your support doesn’t go unnoticed.**

-# Best regards, Kippy","","🏆 (11)"
"268119019020746752","reimposing","2026-03-23T19:14:44.7450000+00:00","@PING | Notice 
We have updated the ram for the server (9gb --> 12gb)
It will be back online in ~20 minutes, thanks for your patience.","","✅ (2)"
"268119019020746752","reimposing","2026-03-23T19:43:22.1800000+00:00","Server is back online.","",""
"1260410076301099040","kippytano","2026-03-23T21:49:22.5140000+00:00","# :trophy: INTRODUCING PLOT OF THE MONTH! :trophy_gif: 
**We will be adding a small little feature that allows players to participate in a little competition to see who can build the best plot within one month!** 

**How it works?** 
Every month players will have 30 days to build their plot. At the end of each month, we will go around and judge them. The winner will get a special prize! 

**How to enter?**
At the end of the month, create a ticket and ping ME!

*The competition will begin now and run until April 23rd!* 
Good luck!

@PING | Notice","","🔥 (11)"
"268119019020746752","reimposing","2026-03-27T12:36:43.8480000+00:00","The minehut server likes to randomly appear offline, if it shows offline you can join through

eu.50xcreative.fun","",""
"1260410076301099040","kippytano","2026-04-01T15:18:13.8640000+00:00","# :robot: BOT OWNER UPDATE! :robot: 

**We have noticed and incline of bots on 50x**
> We have created bot owner applications to go over everyones bots, we just want to make sure everything is safe and following all 50x rules!

**What to do as a bot owner?**
> Create a #🎫・ticket ping @Kippy or a @SR. ADMIN + and we verify your bots safety and deem whether or not you bot will be allowed on 50x.

||@PING | Notice||

-# Thank you, Kippy","","👍 (6)"
"970274309253763082","philly2010","2026-04-05T10:09:09.0300000+00:00","@PING | Notice

US proxy is up again!!!
Remeber event is today!","","❤️ (4)"
"757997811055984760","kundaliel","2026-04-11T04:34:08.3660000+00:00","Just a reminder
# ""maAlitg is wirl""
so make the best of it","",""
"970274309253763082","philly2010","2026-04-11T11:04:44.2980000+00:00","@PING | Notice 

US proxy up again!!
Remember live stream tomorow with event!","",""
"970274309253763082","philly2010","2026-04-12T10:17:33.9000000+00:00","@PING | Notice 

am sorry the server are down but none of the people with console perms is repling.....","",""
"970274309253763082","philly2010","2026-04-12T12:05:55.9140000+00:00","@here  JOIN UP IN EVENT","",""
"970274309253763082","philly2010","2026-04-12T12:11:59.1440000+00:00","@here chat we cant only be 8 people that want rank up rigth??","","bluemoji_shock (6)"
"1260410076301099040","kippytano","2026-04-12T16:31:12.6820000+00:00","@PING | Notice Server is back online!","","❤️ (7)"
"757997811055984760","kundaliel","2026-04-14T09:59:59.4710000+00:00","||@PING | Notice ||

# Server Downtime Notice

Hey 50xCreative! Unfortunately the server will be experiencing some downtime due to an issue with the automatic payment to our server host. We are actively working on resolving this as quickly as possible.

- You will be unable to connect during this time
- We will notify you as soon as the server is back up

We apologize for the inconvenience and thank you for your patience. Further updates will *(hopefully)* be provided shortly.

-# Regards, Kundaliel - Developer of 50xCreative","","😩 (11)"
"1260410076301099040","kippytano","2026-04-19T18:41:40.5410000+00:00","# :sword: VANILLA SMP RELEASE!

I am bored and wanted to release an SMP for some fun!
It is a basic vanilla SMP no mods at all! 
I have 0 perms, so treat me how you like :fire: 

:controller: **Join VIA: 107.155.80.34:50364** :controller: 

:Gold: **Join on version 1.21.11** :Gold: 

@everyone","","🔥 (13)"
"1260410076301099040","kippytano","2026-04-19T18:43:35.1890000+00:00","# ADDING ANTI XRAY and HOMES SERVER WILL BE DOWN FOR JUST A MOMENT!","",""
"1260410076301099040","kippytano","2026-04-19T18:47:27.5370000+00:00","# ADDING BASIC PLUGINS! SORRY AGAIN!","",""
"1260410076301099040","kippytano","2026-04-19T19:07:54.8440000+00:00","@here END FIGHT IN 1 WEEK! WINNER GETS A CRAZY 50x PRIZE!!!","","❤️ (5)"
"1260410076301099040","kippytano","2026-04-20T11:41:07.4280000+00:00","@PING | Notice would you like us to reset the SMP? Since I made it sound like there was going to be an end fight? 

That would mean that once it’s reset we will have seven days to prepare for an end fight!","","✅ (7),❌ (18)"
"1260410076301099040","kippytano","2026-04-20T11:41:50.4760000+00:00","✅ = YES","",""
"1260410076301099040","kippytano","2026-04-20T11:42:03.4550000+00:00","❌ = NO","",""
"1260410076301099040","kippytano","2026-04-20T11:49:25.6000000+00:00","@PING | Notice i’m going to reset the end since my team and I got to the end when everybody else thought the end was locked. 

This will mean the egg will be cleared and the end will be completely reset and locked for the seven days I said before.","","❤️ (5),👍 (6)"
"1260410076301099040","kippytano","2026-04-20T22:03:05.7060000+00:00","# :sword:  50X SMP RELEASE

:Enderpearl:  **The END is now locked!** :Enderpearl: 
You cannot craft or use eyes of ender!
There will be an END FIGHT on a posted date!
 *Sorry for not making it more clear earler*

:discordrules: As before I have 0 permissions and there are no rules. **(Hacking / Slurs are prohibited)**
**Naked killing is NOT allowed in the 1st 24 hours of release**

**Changes:**
> Added `/tpa`
> Added `/home`
> Added `Anti-X-Ray`
> Added `Tap System`
> Added `Anti-Cheat`

:bow: **JOIN VIA:**  107.155.80.34:50364
# :MinecraftBee: 1.21.11 :MinecraftBee: 
*Thank you for waiting!*
@everyone","","🔥 (5),❤️ (5)"
"1260410076301099040","kippytano","2026-04-26T20:40:35.1420000+00:00","# :enderdragon: END FIGHT ON IRONVALE SMP!
:swk_time: The End Fight will is going to happen in 20 minutes! :swk_time: 

> You CAN team! 

:bow:  **JOIN VIA:** 107.155.80.34:50364

# :bee: 1.21.11 :bee: 

*Get EXCITED @everyone *","",""
"1260410076301099040","kippytano","2026-04-26T21:02:19.9370000+00:00","# SERVER DOWN (CHEATERS)","",""
"1260410076301099040","kippytano","2026-04-26T21:02:35.5940000+00:00","They will be perm banned and we will re-open the server!","",""
"1260410076301099040","kippytano","2026-04-26T21:02:45.0470000+00:00","Sorry again for the issues @here","","💀 (12)"
"1260410076301099040","kippytano","2026-04-26T22:04:27.3870000+00:00","@everyone","",""
"1260410076301099040","kippytano","2026-04-26T22:04:57.0390000+00:00","# ????
 
**eu.50xcreative.fun**","https://cdn.discordapp.com/attachments/1129342020448682015/1498082482841452614/image.png?ex=69ffaf88&is=69fe5e08&hm=81f0b8facdb2525d1043ee5cace78fea2c32e90ea292bcd86770276189919365&",""
"1260410076301099040","kippytano","2026-04-29T18:28:04.2130000+00:00","@PING | Events @PING | Notice 
# SMP END FIGHT WILL BE AT 5PM GMT / 12PM EST! On SATURDAY!","","❤️‍🩹 (2),bluemoji_shock (1),wtf (2)"
"1260410076301099040","kippytano","2026-04-29T18:29:10.5890000+00:00","Winner gets Engineer Rank! (This can be traded for something special if you already have the rank)","","wtf (3)"
"1260410076301099040","kippytano","2026-04-29T18:57:39.6100000+00:00","https://discord.gg/m5cwUT5D","","wtf (5)"
"1260410076301099040","kippytano","2026-04-29T18:58:15.3210000+00:00","IronVale (The SMP) is not a 50x server! If you want to support feel free to join their discord :blobexcited:","","wtf (5)"
"1098372733852717116","soupaasd","2026-05-03T20:21:19.6410000+00:00","hamburger","","🍔 (5)"
"1098372733852717116","soupaasd","2026-05-03T20:39:39.9840000+00:00","BOYS IT IS UP @PING | Notice   US PROXY IS ALIVE AGAIN","https://cdn.discordapp.com/attachments/1129342020448682015/1500597735735300148/s58bpjz.png?ex=6a00444b&is=69fef2cb&hm=f454a5807e6af6b36c154f81b980c78d3fad28210d1dadfc6d838099b094e9c0&","❤️ (5)"
"1260410076301099040","kippytano","2026-05-03T20:40:37.8300000+00:00","@everyone","",""
"235148962103951360","Carl-bot#1536","2026-05-03T21:04:12.9440000+00:00","","",""
"1260410076301099040","kippytano","2026-05-03T21:04:25.7090000+00:00","@PING | Events","",""
"1177977545099059283","fragolamoon_","2026-05-04T03:37:45.5490000+00:00","-# Used to pray for times like this","",""
"970274309253763082","philly2010","2026-05-04T13:39:46.3220000+00:00","@PING | Notice 
hey guys as u have seen server still a bit down in players so now thats minehut proxy is up please do /ad 50xcreative
thanks for staying and helping the server!:bob:","","❤️‍🩹 (3),bob (4)"
"1260410076301099040","kippytano","2026-05-05T01:17:17.1790000+00:00","","",""
"1260410076301099040","kippytano","2026-05-05T01:17:19.6860000+00:00","# @PING | Notice DO YOU WANT RANKS TO BE BUYABLE WITH IN-GAME MONEY?","",""
"1260410076301099040","kippytano","2026-05-05T01:19:43.9090000+00:00","*Also! Taking suggestions from anyone and everyone! If it seems like a cool idea I will make a post here and let you decide!* **DM me with your ideas!**","","🔥 (2)"
"235148962103951360","Carl-bot#1536","2026-05-05T21:04:13.6450000+00:00","Congratulations to the winner of **Creator Rank** https://discord.com/channels/1129335265907978260/1129342020448682015/1500603913890697418 
- @YAFN_Dev","",""
"1260410076301099040","kippytano","2026-05-05T21:12:00.3070000+00:00","@YAFN_Dev **CONGRATS!!!** Open a ticket and ping me with your username!!","",""
"1260410076301099040","kippytano","2026-05-06T01:17:18.9310000+00:00","","","❤️ (2)"
"1260410076301099040","kippytano","2026-05-06T12:11:48.3460000+00:00","# :rocket: WEBSTORE IS NOW LIVE :rocket: 
> **People have requested a webstore for 50x. If you wish to purchase a rank click the link below :arrow_down:**

:cart: https://50xcreative.tebex.io

If there are any issues regarding the tebex, please let me know!
@everyone","","🔥 (5),blob_seizure (1)"
"1177977545099059283","fragolamoon_","2026-05-06T12:12:01.9630000+00:00","yay","",""
"1177977545099059283","fragolamoon_","2026-05-06T14:53:53.3410000+00:00","# THE PLOT  OF THE MONTH HAS ENDED!
**The only** participant  was @EX09 that won a **rank up**!
Please make a #🎫・ticket  saying your user!

@PING | Notice","",""
"1260410076301099040","kippytano","2026-05-06T16:00:42.4900000+00:00","@PING | Notice **buyable ranks with in-currency will be added shortly!** 

> If you have any suggestions regarding the pricing, etc., please feel free to let me know!

*Thank you to everybody who filled out the poll! Your insight is appreciated!*","","🔥 (9),blob_seizure (4)"
"1260410076301099040","kippytano","2026-05-06T16:01:53.1140000+00:00","If anybody else has any suggestions my DMs are always open!","",""
"268119019020746752","reimposing","2026-05-07T01:09:26.6440000+00:00","Hi guys","",""
"268119019020746752","reimposing","2026-05-07T01:09:33.4380000+00:00",":bluemoji_shock:","","wtf (11)"
"1177977545099059283","fragolamoon_","2026-05-07T04:24:13.8780000+00:00","hi","",""
"1260410076301099040","kippytano","2026-05-07T10:24:10.6850000+00:00","Hi guys","",""
"1260410076301099040","kippytano","2026-05-07T10:24:22.7070000+00:00",":bluemoji_shock:","","hi (6)"
